Original Air Date,Season Number,Episode Name,Startup Name,Industry,Pitchers Gender,Company Website,Multiple Entrepreneurs
2009-08-09,1,s1ep1,AvaTheElephant,Health/Wellness,Female,http://www.avatheelephant.com/,NO
2009-08-09,1,s1ep1,Mr.Tod'sPieFactory,Food and Beverage,Male,http://whybake.com/,NO
2009-08-09,1,s1ep1,Wispots,Business Services,Male,http://www.wispots.com/,NO
2009-08-09,1,s1ep1,CollegeFoxesPackingBoxes,Lifestyle/Home,Male,http://collegehunkshaulingjunk.com/,NO
2009-08-09,1,s1ep1,IonicEar,Software/Tech,Male,No website,NO
2009-08-16,1,s1ep2,APerfectPear,Food and Beverage,Female,http://www.aperfectpear.com,NO
2009-08-16,1,s1ep2,ClassroomJams,Children/Education,Male,http://www.attachnoted.com/,NO
2009-08-16,1,s1ep2,Lifebelt,Automotive,Male,No website,NO
2009-08-16,1,s1ep2,CrookedJaw,Fashion/Beauty,Male,http://crookedjawfashions.com/,NO
2009-08-16,1,s1ep2,StickyNoteHolder,Lifestyle/Home,Female,No website,NO
2009-08-23,1,s1ep3,TurboBaster,Food and Beverage,Female,No website,NO
2009-08-23,1,s1ep3,StressFreeKids,Children/Education,Female,http://www.stressfreekids.com,NO
2009-08-23,1,s1ep3,KwyztaChopstickArt,Children/Education,Male,http://www.chopstickart.com/,NO
2009-08-23,1,s1ep3,50StateCapitalsin50Minutes,Children/Education,Male,http://www.amazon.com/50-State-Capitals-Fun-Minutes/dp/0967970822,NO
2009-08-23,1,s1ep3,VoyageAirGuitar,Media/Entertainment,Male,http://www.voyageairguitar.com/,YES
2009-08-30,1,s1ep4,GiftCardRescue,Software/Tech,Male,http://www.giftcardrescue.com,NO
2009-08-30,1,s1ep4,Coverplay,Children/Education,Female,http://www.coverplayard.com/,YES
2009-08-30,1,s1ep4,GraffitiRemovalServices,Business Services,Male,http://removegraffiti.net/,NO
2009-08-30,1,s1ep4,SoulsCalling,Fashion/Beauty,Female,No website,NO
2009-08-30,1,s1ep4,CoffeeBrandGifts,Food and Beverage,Male,No website,NO
2009-09-06,1,s1ep5,MyTherapyJournal,Health/Wellness,Male,http://www.mytherapyjournal.com,YES
2009-09-06,1,s1ep5,BodyJac,Fitness/Sports/Outdoors,Male,No website,NO
2009-09-06,1,s1ep5,GoodGriefCelebrations,Business Services,Female,No website,NO
2009-09-06,1,s1ep5,GranolaGourmet,Food and Beverage,Male,http://www.granolagourmet.com/,NO
2009-09-06,1,s1ep5,FaceBlok,Health/Wellness,Female,No website,NO
2009-09-13,1,s1ep6,PorkBarrelBBQSauce,Food and Beverage,Male,http://porkbarrelbbq.com/,YES
2009-09-13,1,s1ep6,ElementBars,Fitness/Sports/Outdoors,Male,http://www.elementbars.com/,NO
2009-09-13,1,s1ep6,UndereaseUnderwear,Fashion/Beauty,Mixed Team,No website,YES
2009-09-13,1,s1ep6,KalyxTechnologies,Fashion/Beauty,Female,http://www.activewearusa.com/store/pc/Kalyx-Sport-Bras-c824.htm,NO
2009-09-13,1,s1ep6,TheFizz,Food and Beverage,Male,http://www.icecreamfizz.com/,NO
2009-09-29,1,s1ep7,Soy-Yer-Dough,Food and Beverage,Male,http://www.soy-yer.com/,NO
2009-09-29,1,s1ep7,GrillCharmsSet,Fashion/Beauty,Female,http://www.grillcharms.com,NO
2009-09-29,1,s1ep7,BoogieBoxFitness,Fitness/Sports/Outdoors,Female,No website,YES
2009-09-29,1,s1ep7,TheFunhouseProject,Media/Entertainment,Male,No website,YES
2009-10-06,1,s1ep8,TreasureChestPets,Pet Products,Female,No website,NO
2009-10-06,1,s1ep8,Notehall,Software/Tech,Male,http://www.notehall.com,YES
2009-10-06,1,s1ep8,Throx,Fashion/Beauty,Male,http://www.throx.com,NO
2009-10-06,1,s1ep8,WashedUpHollywood,Fashion/Beauty,Male,No website,NO
2009-10-13,1,s1ep9,GaylaBentleyFashion,Fashion/Beauty,Female,http://www.gaylabentley.com/,NO
2009-10-13,1,s1ep9,ChillSoda,Food and Beverage,Male,http://www.chillsoda.com/,NO
2009-10-13,1,s1ep9,CornucopiaExpress,Pet Products,Male,http://www.cornucopiapetfoods.com/,YES
2009-10-13,1,s1ep9,VirtuSphere,Electronics,Male,http://www.virtusphere.com/,YES
2009-10-20,1,s1ep10,TheUROClub,Fitness/Sports/Outdoors,Male,http://www.uroclub.com/,NO
2009-10-20,1,s1ep10,JumpForward,Children/Education,Male,http://www.jumpforward.com/,YES
2009-10-20,1,s1ep10,TheBobblePlace,Children/Education,Male,http://www.webobble.com/,NO
2009-10-20,1,s1ep10,Mr.Poncho,Electronics,Mixed Team,No website,YES
2010-01-08,1,s1ep11,HellsBellsHelmets,Fitness/Sports/Outdoors,Mixed Team,http://www.hellsbellscustoms.com/,YES
2010-01-08,1,s1ep11,ChefInBlack,Food and Beverage,Female,http://chefinblack.com/,NO
2010-01-08,1,s1ep11,InkFlip,Electronics,Male,http://www.inkflip.com/,NO
2010-01-08,1,s1ep11,RompN'Roll,Children/Education,Mixed Team,http://www.rompnroll.com/,YES
2010-01-08,1,s1ep11,TheTwister,Fitness/Sports/Outdoors,Male,No website,NO
2010-01-15,1,s1ep12,GreaseMonkeyWipes,Lifestyle/Home,Mixed Team,http://www.greasemonkeywipes.com/,YES
2010-01-15,1,s1ep12,WeeCanShop,Children/Education,Mixed Team,No website,YES
2010-01-15,1,s1ep12,Podillow,Lifestyle/Home,Mixed Team,http://www.podillow.com/,YES
2010-01-15,1,s1ep12,TheFactionist,Fashion/Beauty,Male,No website,NO
2010-01-29,1,s1ep13,Caffeindicator,Food and Beverage,Male,http://www.llamabrew.com/,NO
2010-01-29,1,s1ep13,LipstickRemix,Fashion/Beauty,Female,http://www.lipstixremix.com/,NO
2010-01-29,1,s1ep13,LegalGrind,Business Services,Mixed Team,http://www.legalgrind.com/,YES
2010-01-29,1,s1ep13,CaptainIceCream,Food and Beverage,Male,No website,NO
2010-02-05,1,s1ep14,Nubrella,Fashion/Beauty,Male,http://nubrella.com/,NO
2010-02-05,1,s1ep14,Qubits,Children/Education,Male,http://www.qubitstoy.com/,NO
2010-02-05,1,s1ep14,SendABall,Children/Education,Female,http://www.sendaball.com/,YES
2010-02-05,1,s1ep14,PillarsOfSlippers,Fashion/Beauty,Female,No website,NO
2010-02-05,1,s1ep14,LlamaBrew,Green/CleanTech,Mixed Team,No website,YES
2011-03-20,2,s2ep1,WurkinStiffs,Fashion/Beauty,Male,http://wurkinstiffs.com/,NO
2011-03-20,2,s2ep1,TippiToes,Fitness/Sports/Outdoors,Female,http://www.tippitoesdance.com/,YES
2011-03-20,2,s2ep1,CBSFoods,Food and Beverage,Male,No website,NO
2011-03-20,2,s2ep1,CopadiVino,Food and Beverage,Male,http://www.copadivino.com/,NO
2011-03-25,2,s2ep2,Toygaroo,Children/Education,Female,No website,NO
2011-03-25,2,s2ep2,FirstDefenseNasalScreen,Health/Wellness,Male,http://www.filteryourlife.com/,NO
2011-03-25,2,s2ep2,Vurtego,Fitness/Sports/Outdoors,Male,http://www.vurtegopogo.com/,NO
2011-03-25,2,s2ep2,Waken'Bacon,Food and Beverage,Male,http://www.fitnessstride.com,NO
2011-04-01,2,s2ep3,ModMomFurniture,Lifestyle/Home,Female,http://www.modmomfurniture.com/,NO
2011-04-01,2,s2ep3,Flipoutz,Fashion/Beauty,Mixed Team,http://www.flipoutz.com/,YES
2011-04-01,2,s2ep3,FitnessStride,Fitness/Sports/Outdoors,Male,No website,NO
2011-04-01,2,s2ep3,PureAyre,Lifestyle/Home,Male,http://www.pureayre.com/,NO
2011-04-08,2,s2ep4,BroccoliWad,Food and Beverage,Male,http://amzn.to/1AcWx1t,NO
2011-04-08,2,s2ep4,HillbillyBrand,Fashion/Beauty,Male,http://www.hillbillybrand.com/,NO
2011-04-08,2,s2ep4,Ride-OnCarry-On,Travel,Mixed Team,http://www.rideoncarryon.com/,YES
2011-04-08,2,s2ep4,UncleZip'sBeefJerky,Food and Beverage,Male,http://unclezipsjerky.com/,NO
2011-04-15,2,s2ep5,Lightfilm,Automotive,Male,No website,YES
2011-04-15,2,s2ep5,FridgeFronts,Lifestyle/Home,Female,http://www.fridgefronts.com/,NO
2011-04-15,2,s2ep5,NewEraBrands,Fashion/Beauty,Male,No website,NO
2011-04-15,2,s2ep5,ThinGloss,Fashion/Beauty,Female,No website,NO
2011-04-22,2,s2ep6,SweepEasy,Lifestyle/Home,Male,http://buysweepeasy.com/,NO
2011-04-22,2,s2ep6,DaisyCakes,Food and Beverage,Female,https://www.ilovedaisycakes.com/,NO
2011-04-22,2,s2ep6,HotMamaGowns,Fashion/Beauty,Female,http://www.hotmamagowns.com/,NO
2011-04-22,2,s2ep6,CaddySwag,Fitness/Sports/Outdoors,Mixed Team,No website,YES
2011-04-29,2,s2ep7,Hydromax,Fitness/Sports/Outdoors,Male,http://www.hydromaxsystem.com/,NO
2011-04-29,2,s2ep7,CarsikBib,Children/Education,Male,http://www.carsikbib.com,NO
2011-04-29,2,s2ep7,Ecomowers,Green/CleanTech,Male,http://www.ecomowers.com/,NO
2011-04-29,2,s2ep7,Games2U,Media/Entertainment,Male,http://www.g2u.com/,YES
2011-05-06,2,s2ep8,HyConn,Uncertain/Other,Male,http://www.hy-conn.com/,NO
2011-05-06,2,s2ep8,Origaudio,Electronics,Male,http://www.origaudio.com,YES
2011-05-06,2,s2ep8,ManCandle,Lifestyle/Home,Male,No website,NO
2011-05-06,2,s2ep8,OriginalRunnerCompany,Lifestyle/Home,Female,http://www.originalrunners.com/,NO
2011-05-13,2,s2ep9,AldoOrtaJewelry,Fashion/Beauty,Male,http://www.aojewelry.com/,NO
2011-05-13,2,s2ep9,OneSole,Fashion/Beauty,Female,http://www.onesolestore.com/,NO
2011-05-13,2,s2ep9,CitiKitty,Pet Products,Female,http://www.citikitty.com/,NO
2011-05-13,2,s2ep9,SamsonMartin,Fashion/Beauty,Female,No website,NO
2012-01-20,3,s3ep1,EZVIP,Media/Entertainment,Male,https://www.ezvip.com/,NO
2012-01-20,3,s3ep1,TheCleanBottle,Food and Beverage,Male,http://www.cleanbottle.com/,NO
2012-01-20,3,s3ep1,MyWonderfulLife,Business Services,Female,https://www.mywonderfullife.com/,YES
2012-01-20,3,s3ep1,BusinessGhost,Business Services,Male,http://businessghost.com/,NO
2012-01-27,3,s3ep2,IWantToDrawACatForYou,Software/Tech,Male,http://iwanttodrawacatforyou.com/,NO
2012-01-27,3,s3ep2,Salespreneur,Business Services,Male,http://thesalespreneur.com/,NO
2012-01-27,3,s3ep2,Invis-A-Rack,Automotive,Male,http://www.invisarack.com,NO
2012-01-27,3,s3ep2,VegasMagicShow,Media/Entertainment,Male,No website,NO
2012-02-03,3,s3ep3,YouSmellSoap,Fashion/Beauty,Female,http://www.yousmellsoap.com/,NO
2012-02-03,3,s3ep3,ChordBuddy,Media/Entertainment,Male,http://www.chordbuddy.com/,NO
2012-02-03,3,s3ep3,LiquidMoney,Fashion/Beauty,Male,http://www.liquidmoney.com/,NO
2012-02-03,3,s3ep3,TailLightz,Electronics,Male,http://www.taillightz.com/,NO
2012-02-10,3,s3ep4,WineBalloon,Food and Beverage,Male,http://aircork.com/,NO
2012-02-10,3,s3ep4,ShowNo,Fashion/Beauty,Female,http://showno.com/,NO
2012-02-10,3,s3ep4,TheSwilt,Fashion/Beauty,Female,http://www.theswilt.com/,NO
2012-02-10,3,s3ep4,PuppyCake,Pet Products,Female,http://www.puppycake.com/,NO
2012-02-17,3,s3ep5,TheLastLid,Lifestyle/Home,Mixed Team,https://www.lastlid.com,YES
2012-02-17,3,s3ep5,TalbottTeas,Food and Beverage,Male,http://talbottteas.com/,YES
2012-02-17,3,s3ep5,M3GirlDesigns,Fashion/Beauty,Female,No website,YES
2012-02-17,3,s3ep5,LedgePillow,Lifestyle/Home,Female,No website,NO
2012-02-24,3,s3ep6,ReaderestSpecsecure,Lifestyle/Home,Male,No website,NO
2012-02-24,3,s3ep6,ThePaintedPretzel,Food and Beverage,Female,http://www.thepaintedpretzel.com/,NO
2012-02-24,3,s3ep6,EssoWatches,Fashion/Beauty,Male,No website,NO
2012-02-24,3,s3ep6,FiveMinuteFurniture,Lifestyle/Home,Male,No website,NO
2012-03-02,3,s3ep7,Kisstixx,Fashion/Beauty,Male,http://kisstixx.com/,YES
2012-03-02,3,s3ep7,TheSmartBaker,Food and Beverage,Mixed Team,http://www.thesmartbaker.com/,YES
2012-03-02,3,s3ep7,ScotteVest,Fashion/Beauty,Male,http://www.scottevest.com/,NO
2012-03-02,3,s3ep7,TheHeatHelper,Lifestyle/Home,Male,https://www.heat-helper.com/,NO
2012-03-09,3,s3ep8,Litter,Fashion/Beauty,Female,http://littersf.com/,YES
2012-03-09,3,s3ep8,Nardo'sNatural,Fashion/Beauty,Male,http://www.nardosnatural.com/,YES
2012-03-09,3,s3ep8,TheOriginalProfender,Fitness/Sports/Outdoors,Male,http://www.theoriginalprofender.com/,NO
2012-03-09,3,s3ep8,Rent-A-Grandma,Lifestyle/Home,Male,http://rentagrandma.com/,NO
2012-03-16,3,s3ep9,TowerPaddleBoards,Fitness/Sports/Outdoors,Male,http://www.towerpaddleboards.com/,NO
2012-03-16,3,s3ep9,MisoMedia,Media/Entertainment,Male,No website,NO
2012-03-16,3,s3ep9,InstantLifts,Fashion/Beauty,Mixed Team,http://www.instantthighlift.com/,YES
2012-03-16,3,s3ep9,Vinamor,Food and Beverage,Male,http://www.thevinamor.com/,NO
2012-03-23,3,s3ep10,GoGoGear,Fitness/Sports/Outdoors,Female,http://www.gogogearla.com/,YES
2012-03-23,3,s3ep10,TheAveVenice,Fashion/Beauty,Male,http://www.theavevenice.com/,NO
2012-03-23,3,s3ep10,Brewer'sCow,Food and Beverage,Male,http://www.thebrewerscow.com/,YES
2012-03-23,3,s3ep10,Bark'em'sToGo,Pet Products,Male,http://www.barkems.com/,NO
2012-04-13,3,s3ep11,ViewSport,Fitness/Sports/Outdoors,Male,http://www.viewsport.us,NO
2012-04-13,3,s3ep11,BlondiesCookies,Food and Beverage,Female,http://www.blondiescookies.com/,NO
2012-04-13,3,s3ep11,CopadiVino,Food and Beverage,Male,http://www.copadivino.com/,NO
2012-04-13,3,s3ep11,TheSullivanGenerator,Green/CleanTech,Male,http://marksullivanresearch.com,NO
2012-04-27,3,s3ep12,Lollacup,Children/Education,Mixed Team,http://www.lollaland.com/,YES
2012-04-27,3,s3ep12,NailPak,Fashion/Beauty,Female,No website,NO
2012-04-27,3,s3ep12,DebbieBrooksHandbags,Fashion/Beauty,Mixed Team,http://www.debbiebrooks.com/,YES
2012-04-27,3,s3ep12,TrimiTank,Fashion/Beauty,Female,http://www.trimitank.com/,YES
2012-05-04,3,s3ep13,VillyCustoms,Fitness/Sports/Outdoors,Male,http://www.villycustoms.com/,NO
2012-05-04,3,s3ep13,BootIllusions,Fashion/Beauty,Mixed Team,No website,YES
2012-05-04,3,s3ep13,AirBedz,Travel,Male,http://www.truckairbedz.com/,NO
2012-05-04,3,s3ep13,Skyride,Fitness/Sports/Outdoors,Male,http://skyridetechnology.com/,NO
2012-05-11,3,s3ep14,DanceWithMe,Fitness/Sports/Outdoors,Male,No website,NO
2012-05-11,3,s3ep14,WildSquirrelNutButter,Food and Beverage,Female,https://www.wildfriendsfoods.com/,YES
2012-05-11,3,s3ep14,MixBikini,Fashion/Beauty,Male,No website,YES
2012-05-11,3,s3ep14,Cab20RockBand,Media/Entertainment,Male,http://mockrecords.com/cab-20,NO
2012-05-18,3,s3ep15,RemyxxReKixxSneakers,Fashion/Beauty,Male,http://www.rekixx.com/,NO
2012-05-18,3,s3ep15,UniKeyTechnologies,Software/Tech,Male,http://www.unikey.com/,NO
2012-05-18,3,s3ep15,TheNitroForceTitan1000,Fitness/Sports/Outdoors,Mixed Team,http://www.thenitroforce.com/,YES
2012-05-18,3,s3ep15,CougarLimited,Food and Beverage,Male,http://drinkcougar.com/,NO
2012-09-14,4,s4ep1,BevBuckle,Liquor/Alcohol,Male,http://www.thebeerbuckle.com,NO
2012-09-14,4,s4ep1,BuggyBeds,Lifestyle/Home,Female,http://www.buggybeds.com,YES
2012-09-14,4,s4ep1,CoatChex,Business Services,Male,http://www.coatchex.com,NO
2012-09-14,4,s4ep1,BodyWalking,Fashion/Beauty,Male,http://www.bodywalking.com,NO
2012-09-21,4,s4ep2,SurfSetFitness,Fitness/Sports/Outdoors,Mixed Team,http://www.surfsetfitness.com/,YES
2012-09-21,4,s4ep2,CATEapp,Software/Tech,Male,No website,NO
2012-09-21,4,s4ep2,AlphaM,Business Services,Male,http://www.aaronmarino.com/,NO
2012-09-21,4,s4ep2,eCreamery,Food and Beverage,Female,http://ecreamery.com/,YES
2012-09-28,4,s4ep3,RockBands,Fashion/Beauty,Male,http://www.leatherrockbands.com/,NO
2012-09-28,4,s4ep3,PostureNow,Health/Wellness,Male,http://www.posturenow.com/,YES
2012-09-28,4,s4ep3,FuzziBunz,Children/Education,Female,http://fuzzibunz.com/,NO
2012-09-28,4,s4ep3,LizLovelyCookies,Food and Beverage,Mixed Team,http://lizlovely.com/,YES
2012-10-05,4,s4ep4,BagBowl,Lifestyle/Home,Male,http://www.buybagbowl.com,YES
2012-10-05,4,s4ep4,Back9Dips,Food and Beverage,Mixed Team,http://www.back9dips.com,YES
2012-10-05,4,s4ep4,LifterHamper,Lifestyle/Home,Male,www.householdessential.com,NO
2012-10-05,4,s4ep4,Zomm,Lifestyle/Home,Male,http://www.zomm.com,NO
2012-10-12,4,s4ep5,CozyBug,Fashion/Beauty,Female,http://www.cozybugusa.com,NO
2012-10-12,4,s4ep5,MarzSprays,Health/Wellness,Male,http://marzsprays.com,YES
2012-10-12,4,s4ep5,WiredWaffles,Food and Beverage,Male,http://www.wiredwaffles.com,NO
2012-10-12,4,s4ep5,TheSpatty,Food and Beverage,Female,http://www.thespatty.com,NO
2012-10-19,4,s4ep6,PRO-NRG,Food and Beverage,Mixed Team,http://www.pronrgusa.com,YES
2012-10-19,4,s4ep6,CousinsMaineLobster,Food and Beverage,Male,http://www.cousinsmainelobster.com,YES
2012-10-19,4,s4ep6,FreakerUSA,Food and Beverage,Male,http://www.freakerusa.com,NO
2012-10-19,4,s4ep6,EcoNutsSoap,Lifestyle/Home,Mixed Team,http://econutssoap.com,YES
2012-10-26,4,s4ep7,SBU,Fitness/Sports/Outdoors,Male,http://focusdesigns.com/,YES
2012-10-26,4,s4ep7,ScrubDaddy,Lifestyle/Home,Male,http://scrubdaddy.com,NO
2012-10-26,4,s4ep7,TheShemie,Fashion/Beauty,Male,http://www.theshemie.com,NO
2012-10-26,4,s4ep7,TheBear&TheRat,Pet Products,Mixed Team,http://cooltreatsfordogs.com,YES
2012-11-02,4,s4ep8,TheCoolWazoo,Children/Education,Female,http://www.thecoolwazoo.com,NO
2012-11-02,4,s4ep8,PlateTopper,Food and Beverage,Male,No website,NO
2012-11-02,4,s4ep8,NoFlyCone,Pet Products,Male,http://noflycone.com,NO
2012-11-09,4,s4ep9,DriveSuits,Uncertain/Other,Male,http://www.drivesuits.com,NO
2012-11-09,4,s4ep9,IceChipsCandy,Food and Beverage,Female,https://www.icechipscandy.com,YES
2012-11-09,4,s4ep9,ReVestor,Software/Tech,Male,http://www.revestor.com,NO
2012-11-09,4,s4ep9,PCClassesOnline,Software/Tech,Male,http://pcclassesonline.com,NO
2012-11-16,4,s4ep10,RuckPack,Fashion/Beauty,Male,http://www.ruckpack.com,NO
2012-11-16,4,s4ep10,NearlyNewlywed,Fashion/Beauty,Female,http://www.nearlynewlywed.com,NO
2012-11-16,4,s4ep10,TieTry,Fashion/Beauty,Male,No website,YES
2012-11-16,4,s4ep10,CorksAway,Food and Beverage,Male,No website,YES
2012-12-04,4,s4ep11,TheLivingChristmasCompany,Lifestyle/Home,Male,http://www.livingchristmas.com,NO
2012-12-04,4,s4ep11,TheCoop,Children/Education,Female,http://www.thecoop-la.com,YES
2012-12-04,4,s4ep11,PartiePoche,Fashion/Beauty,Mixed Team,No website,YES
2012-12-04,4,s4ep11,FatAssFudge,Food and Beverage,Female,http://www.fat-assfudge.com,NO
2013-01-04,4,s4ep12,HotTot,Children/Education,Female,http://hottot.com,NO
2013-01-04,4,s4ep12,TheGameFaceCompany,Fashion/Beauty,Male,http://www.thegamefacecompany.com,NO
2013-01-04,4,s4ep12,DuraTent,Food and Beverage,Male,http://www.duratent.com,NO
2013-01-04,4,s4ep12,ARKEG,Lifestyle/Home,Male,No website,YES
2013-01-11,4,s4ep13,CoffeeJoulies,Food and Beverage,Male,http://www.joulies.com,YES
2013-01-11,4,s4ep13,TeddyNeedsABath,Children/Education,Female,http://www.teddyneedsabath.com,NO
2013-01-11,4,s4ep13,Urbio,Lifestyle/Home,Male,http://www.myurbio.com,YES
2013-01-11,4,s4ep13,SubZeroIceCream,Food and Beverage,Mixed Team,http://www.subzeroicecream.com,YES
2013-02-01,4,s4ep14,SoundBender,Electronics,Male,http://www.thesoundbender.com,NO
2013-02-01,4,s4ep14,Bibitec,Children/Education,Mixed Team,http://www.bibbitec.com,YES
2013-02-01,4,s4ep14,CuddleTunes,Children/Education,Male,http://www.cuddletunes.com,NO
2013-02-01,4,s4ep14,XeroShoes,Fitness/Sports/Outdoors,Mixed Team,http://xeroshoes.com,YES
2013-02-08,4,s4ep15,HoodiePillow,Lifestyle/Home,Mixed Team,http://www.hoodiepillow.com,YES
2013-02-08,4,s4ep15,GetGrinds,Food and Beverage,Male,http://www.getgrinds.com,YES
2013-02-08,4,s4ep15,GreenGarmento,Fashion/Beauty,Female,http://thegreengarmento.com,NO
2013-02-08,4,s4ep15,MyColdSnap,Food and Beverage,Male,No website,YES
2013-02-15,4,s4ep16,SmartWheel,Automotive,Mixed Team,http://smartwheelusa.com,YES
2013-02-15,4,s4ep16,HowDoYouRoll?,Food and Beverage,Male,http://howdoyouroll.com,YES
2013-02-15,4,s4ep16,GottaHaveS'More,Food and Beverage,Female,http://gottahavesmore.com,NO
2013-02-15,4,s4ep16,PrettyPaddedRoom,Health/Wellness,Female,https://prettypaddedroom.com,NO
2013-02-22,4,s4ep17,Addison'sWonderland,Children/Education,Female,http://www.addisonswonderland.com,YES
2013-02-22,4,s4ep17,HipChixs,Fashion/Beauty,Female,http://hipchixs.com,YES
2013-02-22,4,s4ep17,ProofEyeWear,Fashion/Beauty,Male,http://www.iwantproof.com,YES
2013-02-22,4,s4ep17,MuddyWaterCamo,Fitness/Sports/Outdoors,Male,https://www.muddywatercamo.com,YES
2013-03-01,4,s4ep18,JeskaShoeCompany,Fashion/Beauty,Female,No website,NO
2013-03-01,4,s4ep18,Nuts'nMore,Food and Beverage,Male,http://www.nuts-n-more.com,YES
2013-03-01,4,s4ep18,NeoInnovations,Health/Wellness,Male,http://neomagneticlight.com,YES
2013-03-01,4,s4ep18,PSIBands,Health/Wellness,Female,http://www.psibands.com,NO
2013-03-08,4,s4ep19,CordaRoy's,Lifestyle/Home,Male,http://cordaroys.com,NO
2013-03-08,4,s4ep19,Lose12Inches,Fitness/Sports/Outdoors,Male,http://www.lose12inches.com,NO
2013-03-08,4,s4ep19,BabyLovesDisco,Children/Education,Mixed Team,http://babylovesdisco.com,YES
2013-03-08,4,s4ep19,CellHelmet,Electronics,Male,http://www.cellhelmet.com,YES
2013-03-29,4,s4ep20,CoolWraps,Lifestyle/Home,Male,http://www.coolwraps.com,NO
2013-03-29,4,s4ep20,SimpleSugarScrubs,Fashion/Beauty,Female,http://www.simplesugarsscrub.com,NO
2013-03-29,4,s4ep20,DropStop,Automotive,Male,http://www.buydropstop.com,YES
2013-03-29,4,s4ep20,TraditionalFisheries,Food and Beverage,Male,http://www.traditionalfisheries.com,YES
2013-04-05,4,s4ep21,GobieH20,Travel,Male,http://www.gobieh2o.com,NO
2013-04-05,4,s4ep21,LiddUp,Food and Beverage,Male,http://www.liddup.com,YES
2013-04-05,4,s4ep21,Rootsuit,Fashion/Beauty,Male,http://www.rootsuit.com,NO
2013-04-05,4,s4ep21,EchoValleyMeats,Food and Beverage,Male,http://www.echovalleymeats.com,NO
2013-04-26,4,s4ep22,WickedGoodCupCakes,Food and Beverage,Female,https://www.wickedgoodcupcakes.com,YES
2013-04-26,4,s4ep22,TheMissionBelt,Fashion/Beauty,Male,http://missionbelt.com,NO
2013-04-26,4,s4ep22,ShellBobbers,Fitness/Sports/Outdoors,Male,http://www.shellbobbers.com,YES
2013-04-26,4,s4ep22,TremontElectric,Green/CleanTech,Male,http://store.npowerpeg.com,NO
2013-05-03,4,s4ep23,Mee-Ma'sGumbo,Food and Beverage,Female,http://www.gumbobrick.com,NO
2013-05-03,4,s4ep23,MistoBox,Food and Beverage,Mixed Team,http://www.mistobox.com,YES
2013-05-03,4,s4ep23,VermontButcherBlock,Lifestyle/Home,Male,No website,NO
2013-05-03,4,s4ep23,SquirrelBoss,Pet Products,Male,http://www.squirrelboss.com,NO
2013-05-10,4,s4ep24,PinkShutterPhotoBooths,Media/Entertainment,Male,http://pinkshutter.com,YES
2013-05-10,4,s4ep24,KaZAM,Fitness/Sports/Outdoors,Female,No website,NO
2013-05-10,4,s4ep24,Baby'sBadassBurgers,Food and Beverage,Female,http://www.babysbadassburgers.com,YES
2013-05-10,4,s4ep24,TrackDays,Media/Entertainment,Male,No website,YES
2013-05-17,4,s4ep25,StellaValle,Fashion/Beauty,Female,http://www.stellavalle.com,YES
2013-05-17,4,s4ep25,GeekChic,Fashion/Beauty,Male,http://geekchichq.com,NO
2013-05-17,4,s4ep25,LugLess,Travel,Male,https://www.lugless.com,NO
2013-05-17,4,s4ep25,JonesScones,Food and Beverage,Male,http://www.jonesscones.com,NO
2013-05-17,4,s4ep26,Ryan'sBarkery,Pet Products,Male,No website,YES
2013-05-17,4,s4ep26,VerbalizeIt,Business Services,Male,http://www.verbalizeit.com,YES
2013-05-17,4,s4ep26,TomnChee,Food and Beverage,Male,http://www.tomandchee.com,YES
2013-05-17,4,s4ep26,ThreeDayRule,Software/Tech,Female,https://www.threedayrule.com,NO
2013-09-20,5,s5ep1,SweetBallz,Food and Beverage,Male,http://www.sweetballz.com,NO
2013-09-20,5,s5ep1,PostcardOnTheRun,Software/Tech,Male,http://www.postcardontherun.com,NO
2013-09-20,5,s5ep1,Lynnae'sGourmetPickles,Food and Beverage,Female,http://lynnaesgourmetpickles.com,NO
2013-09-20,5,s5ep1,RoloDoc,Health/Wellness,Male,http://rolodoc.com,YES
2013-09-27,5,s5ep2,Kane&Couture,Pet Products,Female,http://www.kaneandcouture.com,NO
2013-09-27,5,s5ep2,Breathometer,Health/Wellness,Male,https://www.breathometer.com,NO
2013-09-27,5,s5ep2,MangoMango,Food and Beverage,Female,http://amangoparty.com,YES
2013-09-27,5,s5ep2,ManMedals,Uncertain/Other,Male,http://www.themanmedals.com,NO
2013-10-04,5,s5ep3,Freeloader,Travel,Male,http://www.myfreeloader.com,NO
2013-10-04,5,s5ep3,RapidRamenCooker,Food and Beverage,Male,http://rapidramen.com,NO
2013-10-04,5,s5ep3,FairyTaleWishes,Children/Education,Female,http://www.fairytalewishesinc.com,NO
2013-10-04,5,s5ep3,KooknKap,Food and Beverage,Female,No website,YES
2013-10-11,5,s5ep4,ScreenMend,Lifestyle/Home,Mixed Team,http://www.screenmend.com,YES
2013-10-11,5,s5ep4,Hamboards,Fitness/Sports/Outdoors,Male,http://hamboards.com,NO
2013-10-11,5,s5ep4,SundayNightSlowJams,Lifestyle/Home,Male,http://www.slowjams.com,NO
2013-10-11,5,s5ep4,Scan,Software/Tech,Male,https://scan.me,NO
2013-10-18,5,s5ep5,VeggieMamaGardenPops,Food and Beverage,Mixed Team,http://www.veggiemama.com,YES
2013-10-18,5,s5ep5,RuffleButts,Fashion/Beauty,Mixed Team,http://www.rufflebutts.com,YES
2013-10-18,5,s5ep5,BareEase,Lifestyle/Home,Female,http://www.bareease.com,NO
2013-10-18,5,s5ep5,RentAGoat,Pet Products,Male,http://rentagoat.com,YES
2013-10-25,5,s5ep6,TotalMerchantResources,Business Services,Mixed Team,http://www.totalmerchantresources.com,YES
2013-10-25,5,s5ep6,TenThirtyOneProductions,Media/Entertainment,Female,http://tenthirtyoneproductions.com,NO
2013-10-25,5,s5ep6,FiberFix,Lifestyle/Home,Male,http://www.fiberfix.com,NO
2013-10-25,5,s5ep6,ElephantChat,Uncertain/Other,Mixed Team,http://www.elephantchat.com,YES
2013-11-01,5,s5ep7,180Cup,Lifestyle/Home,Male,http://180cup.com,NO
2013-11-01,5,s5ep7,Tree-T-Pee,Green/CleanTech,Male,http://www.treetpee.com,NO
2013-11-01,5,s5ep7,BetterLife,Green/CleanTech,Male,http://www.cleanhappens.com,YES
2013-11-01,5,s5ep7,KymeraBodyBoard,Fitness/Sports/Outdoors,Male,http://www.kymerabodyboard.com,NO
2013-11-08,5,s5ep8,PaparazziProposals,Lifestyle/Home,Male,http://www.paparazzi-proposals.com,NO
2013-11-08,5,s5ep8,SchulziesBreadPudding,Food and Beverage,Female,http://schulziesbreadpudding.com,NO
2013-11-08,5,s5ep8,BellyBuds,Health/Wellness,Male,http://www.bellybuds.com,NO
2013-11-08,5,s5ep8,PetPaint,Pet Products,Male,http://www.petpaint.com,NO
2013-11-15,5,s5ep9,SurpriseRide,Children/Education,Female,http://www.surpriseride.com,NO
2013-11-15,5,s5ep9,Slawsa,Food and Beverage,Female,http://www.slawsa.com,NO
2013-11-15,5,s5ep9,DoorBot,Lifestyle/Home,Male,http://www.getdoorbot.com,NO
2013-11-15,5,s5ep9,MagicMoments,Software/Tech,Male,http://www.magicmoments.com,NO
2013-11-22,5,s5ep10,Grace&Lace,Fashion/Beauty,Mixed Team,http://www.graceandlace.com,YES
2013-11-22,5,s5ep10,Yubo,Children/Education,Mixed Team,http://www.getyubo.com,YES
2013-11-22,5,s5ep10,PurseCase,Fashion/Beauty,Female,http://pursecase.com,YES
2013-11-22,5,s5ep10,Chocomize,Food and Beverage,Male,http://www.chocomize.com,NO
2013-12-06,5,s5ep11,Bubbaâ€™s-QBBQ,Food and Beverage,Mixed Team,http://www.bubbasbonelessribs.com,YES
2013-12-06,5,s5ep11,SpiritHoods,Fashion/Beauty,Mixed Team,https://www.spirithoods.com,YES
2013-12-06,5,s5ep11,FoHawx,Fitness/Sports/Outdoors,Female,No website,NO
2013-12-06,5,s5ep11,VirtuixOmni,Electronics,Male,http://www.virtuix.com,NO
2013-12-13,5,s5ep12,TipsyElves,Fashion/Beauty,Male,http://www.tipsyelves.com,NO
2013-12-13,5,s5ep12,OneLifeProducts,Lifestyle/Home,Male,No website,NO
2013-12-13,5,s5ep12,CashmereHair,Fashion/Beauty,Female,http://cashmerehairextensions.com,YES
2013-12-13,5,s5ep12,Lite-Netics,Lifestyle/Home,Male,http://litenetics.com,NO
2014-01-10,5,s5ep13,GrooveBook,Software/Tech,Mixed Team,http://groovebook.com,YES
2014-01-10,5,s5ep13,TheWallDoctoRX,Lifestyle/Home,Male,http://www.walldoctor.com,NO
2014-01-10,5,s5ep13,BounceBootCamp,Children/Education,Male,http://www.bouncebootcamp.com,NO
2014-01-10,5,s5ep13,EyeBloc,Software/Tech,Male,http://eyebloc.com,NO
2014-01-17,5,s5ep14,LockerBones,Children/Education,Male,http://lockerbones.com,YES
2014-01-17,5,s5ep14,InvisiPlug,Software/Tech,Male,http://www.invisiplug.com,YES
2014-01-17,5,s5ep14,BalloonDistractions,Children/Education,Male,http://www.balloondistractions.com,NO
2014-01-17,5,s5ep14,AlaskaGlacialMudCo.,Fashion/Beauty,Female,http://www.alaskaglacialmud.com,NO
2014-01-24,5,s5ep15,SwimZip,Children/Education,Mixed Team,http://www.swimzip.com,YES
2014-01-24,5,s5ep15,FreshlyPicked,Children/Education,Female,http://freshlypicked.com,NO
2014-01-24,5,s5ep15,FitDeck,Fitness/Sports/Outdoors,Male,https://fitdeck.com,NO
2014-01-24,5,s5ep15,LifeCaps,Health/Wellness,Male,https://www.lifecaps.net,NO
2014-01-31,5,s5ep16,TheCookieDoughCafe,Food and Beverage,Female,http://www.thecookiedoughcafe.com,NO
2014-01-31,5,s5ep16,Cycloramic,Software/Tech,Male,http://cycloramic.com,NO
2014-01-31,5,s5ep16,Nexersys,Fitness/Sports/Outdoors,Male,http://nexersys.com,NO
2014-01-31,5,s5ep16,CowWowCerealMilk,Food and Beverage,Mixed Team,http://cowwownow.com,YES
2014-02-21,5,s5ep17,SpyEscapeAndEvasion,Children/Education,Male,http://spyescapeandevasion.com,NO
2014-02-21,5,s5ep17,SouthernCultureArtisanFoods,Food and Beverage,Female,http://southernculturefoods.com,NO
2014-02-21,5,s5ep17,DDPYoga,Fitness/Sports/Outdoors,Male,http://ddpyoga.com,NO
2014-02-21,5,s5ep17,Moberi,Food and Beverage,Male,http://moberismoothies.com,NO
2014-02-27,5,s5ep18,Bambooee,Lifestyle/Home,Mixed Team,http://www.bambooee.com,YES
2014-02-27,5,s5ep18,Buzzy4Shots,Health/Wellness,Female,http://buzzy4shots.com,NO
2014-02-27,5,s5ep18,ZipIt,Lifestyle/Home,Female,https://www.zipitbedding.com,NO
2014-02-27,5,s5ep18,Cheek'd,Software/Tech,Female,http://cheekd.com,NO
2014-03-07,5,s5ep19,U-Lace,Fashion/Beauty,Male,http://www.u-lace.com,NO
2014-03-07,5,s5ep19,RevoLights,Fitness/Sports/Outdoors,Male,http://revolights.com,NO
2014-03-07,5,s5ep19,SqueekyKnees,Children/Education,Mixed Team,http://www.squeekyknees.com,YES
2014-03-07,5,s5ep19,TheBufferBit,Fashion/Beauty,Male,http://www.bufferbit.com,NO
2014-03-14,5,s5ep20,Henry'sHumdingers,Food and Beverage,Male,http://www.henryshumdingers.com,NO
2014-03-14,5,s5ep20,BooBooGoo,Health/Wellness,Mixed Team,http://booboogoo.com,YES
2014-03-14,5,s5ep20,iReTron,Software/Tech,Male,https://www.iretron.com,NO
2014-03-14,5,s5ep20,DefineBottle,Food and Beverage,Male,http://www.definebottle.com,NO
2014-03-21,5,s5ep21,PackbackBooks,Children/Education,Mixed Team,http://www.packbackbooks.com,YES
2014-03-21,5,s5ep21,Chapul,Food and Beverage,Male,http://chapul.com,NO
2014-03-21,5,s5ep21,GarageDoorLock,Lifestyle/Home,Male,http://elocksys.com,NO
2014-03-21,5,s5ep21,MorningHead,Lifestyle/Home,Male,http://www.morninghead.com,NO
2014-04-04,5,s5ep22,Plated,Food and Beverage,Male,https://www.plated.com,NO
2014-04-04,5,s5ep22,MonkeyMat,Lifestyle/Home,Female,http://monkeymat.com,NO
2014-04-04,5,s5ep22,ThePaintBrushCover,Lifestyle/Home,Male,http://www.thepaintbrushcover.com,NO
2014-04-04,5,s5ep22,KodiakCakes,Food and Beverage,Male,http://www.kodiakcakes.com,NO
2014-04-10,5,s5ep23,VelocitySigns,Business Services,Male,No website,YES
2014-04-10,5,s5ep23,HappyFeet,Fashion/Beauty,Male,http://www.buyhappyfeet.com,NO
2014-04-10,5,s5ep23,HoldYourHaunches,Fashion/Beauty,Female,http://holdyourhaunches.com,YES
2014-04-10,5,s5ep23,LordNutLevington,Food and Beverage,Male,http://www.whoislordnut.com or http://www.lordnut.com,NO
2014-04-11,5,s5ep24,FunTimeExpress,Children/Education,Male,http://funtimeexpress.com,YES
2014-04-11,5,s5ep24,PowerPot,Food and Beverage,Male,http://www.powerpractical.com,NO
2014-04-11,5,s5ep24,QuickstopFireSprinklerTools,Lifestyle/Home,Male,http://www.quickstoptool.com,NO
2014-04-11,5,s5ep24,TaylorRobinsonMusic,Software/Tech,Male,http://www.taylorrobinsonmusic.com,NO
2014-04-18,5,s5ep25,ZooBean,Children/Education,Mixed Team,https://www.zoobean.com,YES
2014-04-18,5,s5ep25,iLumi,Electronics,Male,http://www.ilumi.co,YES
2014-04-18,5,s5ep25,FortMagic,Children/Education,Female,http://fortmagic.com,NO
2014-04-18,5,s5ep25,Intelli-StopperTechnology,Food and Beverage,Male,No website,NO
2014-04-25,5,s5ep26,RuggedManiac,Fitness/Sports/Outdoors,Male,http://www.ruggedmaniac.com,YES
2014-04-25,5,s5ep26,CerebralSuccess,Health/Wellness,Male,http://cerebralsuccess.com,NO
2014-04-25,5,s5ep26,Mo'sBows,Fashion/Beauty,Male,http://mosbowsmemphis.com,NO
2014-04-25,5,s5ep26,Crio,Food and Beverage,Male,http://www.criobru.com,NO
2014-05-02,5,s5ep27,Angellift,Fashion/Beauty,Male,http://www.angellift.com,NO
2014-05-02,5,s5ep27,HangEase,Lifestyle/Home,Male,http://www.hangease.com,NO
2014-05-02,5,s5ep27,TheBouqsCompany,Lifestyle/Home,Male,https://www.thebouqs.com,NO
2014-05-02,5,s5ep27,SustyParty,Lifestyle/Home,Female,http://www.sustyparty.com,NO
2014-05-09,5,s5ep28,OruKayak,Fitness/Sports/Outdoors,Male,http://www.orukayak.com,NO
2014-05-09,5,s5ep28,BonAffair,Food and Beverage,Female,http://www.bonaffair.com,NO
2014-05-09,5,s5ep28,Cinnaholic,Food and Beverage,Mixed Team,http://www.cinnaholic.com,YES
2014-05-09,5,s5ep28,HargittMarineServices,Fitness/Sports/Outdoors,Male,No website,NO
2014-05-16,5,s5ep29,FootFairy,Software/Tech,Female,http://www.footfairy.com,YES
2014-05-16,5,s5ep29,BZbox,Lifestyle/Home,Female,http://thebzbox.com,NO
2014-05-16,5,s5ep29,Tie-Not,Children/Education,Male,https://www.tie-not.com,NO
2014-05-16,5,s5ep29,Baker'sEdge,Food and Beverage,Mixed Team,http://www.bakersedge.com,YES
2014-09-26,6,s6ep1,SleepingBaby,Children/Education,Mixed Team,http://www.sleepingbaby.com,YES
2014-09-26,6,s6ep1,Bombas,Fashion/Beauty,Male,http://www.bombas.com,NO
2014-09-26,6,s6ep1,Hammer&Nails,Fashion/Beauty,Male,http://www.hammerandnails-salon.com,NO
2014-09-26,6,s6ep1,Amber,Electronics,Male,http://www.theamber.co,NO
2014-09-26,6,s6ep2,Kronos,Fitness/Sports/Outdoors,Male,http://www.kronosgolf.com,NO
2014-09-26,6,s6ep2,Roominate,Children/Education,Female,http://www.roominatetoy.com,NO
2014-09-26,6,s6ep2,TheFloatingMugCo.,Lifestyle/Home,Male,http://www.floatingmug.com,NO
2014-09-26,6,s6ep2,WeddingWagon,Lifestyle/Home,Male,http://www.weddingwagon.com,NO
2014-10-03,6,s6ep3,HeartPup,Pet Products,Female,http://www.heartpup.com/,NO
2014-10-03,6,s6ep3,SoapSox,Children/Education,Male,http://www.soapsoxkids.com/,YES
2014-10-03,6,s6ep3,NinjaCards,Children/Education,Male,http://www.ninjacards.com/,NO
2014-10-03,6,s6ep3,DrumPants,Fashion/Beauty,Mixed Team,https://legacy.trycelery.com/shop/drumpants,YES
2014-10-10,6,s6ep4,PaperBoxPilots,Children/Education,Male,http://www.paperboxpilots.com,NO
2014-10-10,6,s6ep4,Reviver,Lifestyle/Home,Male,http://www.reviver.com,YES
2014-10-10,6,s6ep4,FunCakesRental,Food and Beverage,Female,http://www.cakerental.com,NO
2014-10-10,6,s6ep4,TableJacks,Lifestyle/Home,Male,http://www.tablejacks.com,NO
2014-10-17,6,s6ep5,TheRedDressBoutique,Fashion/Beauty,Mixed Team,http://thereddressboutique.com/,YES
2014-10-17,6,s6ep5,SunStaches,Fashion/Beauty,Male,https://www.sunstaches.com/,YES
2014-10-17,6,s6ep5,JungleJumpaRoo,Children/Education,Mixed Team,http://junglejumparoo.com/,YES
2014-10-17,6,s6ep5,TheCaddyGirls,Fitness/Sports/Outdoors,Female,http://thecaddygirls.com/,NO
2014-10-24,6,s6ep6,Honeyfund,Software/Tech,Mixed Team,http://www.honeyfund.com/,YES
2014-10-24,6,s6ep6,BeatBoxBeverages,Food and Beverage,Mixed Team,http://www.beatboxbeverages.com/,YES
2014-10-24,6,s6ep6,OilerieUSA,Food and Beverage,Male,http://www.oilerie.com/,YES
2014-10-24,6,s6ep6,EmergenSee,Software/Tech,Male,http://emergensee.com/,YES
2014-10-31,6,s6ep7,MyselfBelts,Children/Education,Female,http://www.myselfbelts.com,NO
2014-10-31,6,s6ep7,Titin,Fitness/Sports/Outdoors,Male,http://titintech.com/,NO
2014-10-31,6,s6ep7,SingTrix,Children/Education,Male,http://www.singtrix.com/,YES
2014-10-31,6,s6ep7,Beardbrand,Fashion/Beauty,Male,http://www.beardbrand.com/,NO
2014-11-07,6,s6ep8,TheNaturalGrip,Fitness/Sports/Outdoors,Female,http://www.thenaturalgrip.com,NO
2014-11-07,6,s6ep8,BottleBreacher,Food and Beverage,Male,https://www.bottlebreacher.com/,YES
2014-11-07,6,s6ep8,Man-Pack,Fashion/Beauty,Male,https://man-pack.com/,NO
2014-11-07,6,s6ep8,PriorityOneCanine,Pet Products,Mixed Team,http://www.priority1canine.com/,YES
2014-11-14,6,s6ep9,HeidiHo,Food and Beverage,Female,http://www.heidiho.com/,NO
2014-11-14,6,s6ep9,SquattyPotty,Lifestyle/Home,Mixed Team,http://squattypotty.com/,YES
2014-11-14,6,s6ep9,Pipsnacks,Food and Beverage,Mixed Team,http://www.pipsnacks.com/,YES
2014-11-14,6,s6ep9,StormStoppers,Lifestyle/Home,Male,No website,NO
2014-11-21,6,s6ep10,MagicCook,Food and Beverage,Female,http://magiccook.net/,NO
2014-11-21,6,s6ep10,EarthLog,Lifestyle/Home,Male,http://www.earthlog.com/,NO
2014-11-21,6,s6ep10,KitchenSafe,Food and Beverage,Male,http://www.thekitchensafe.com/,YES
2014-11-21,6,s6ep10,OffTheCob,Food and Beverage,Male,http://www.offthecobchips.com/,NO
2014-12-05,6,s6ep11,Biaggi,Lifestyle/Home,Male,http://www.biaggi.com,NO
2014-12-05,6,s6ep11,GamedayCouture,Fashion/Beauty,Mixed Team,http://www.gameday-couture.com,YES
2014-12-05,6,s6ep11,Zipz,Food and Beverage,Male,http://www.zipzwine.com,NO
2014-12-05,6,s6ep11,SoapsWashesAndGroomingEssentials,Fashion/Beauty,Female,http://www.pure-swag.com,NO
2014-12-12,6,s6ep12,HoppyPaws,Lifestyle/Home,Female,http://hoppypaws.com,NO
2014-12-12,6,s6ep12,Q-Flex,Health/Wellness,Female,http://getqflex.com,YES
2014-12-12,6,s6ep12,TheMenschOnABench,Lifestyle/Home,Male,http://themenschonabench.com,NO
2014-12-12,6,s6ep12,EveDrop,Lifestyle/Home,Male,http://evedrop.com,NO
2015-01-09,6,s6ep13,BantamBagels,Food and Beverage,Mixed Team,http://www.bantambagels.com,YES
2015-01-09,6,s6ep13,Doorman,Lifestyle/Home,Male,http://www.doorman.co,NO
2015-01-09,6,s6ep13,SkinnyShirt,Fashion/Beauty,Female,http://www.skinnyshirt.com,NO
2015-01-09,6,s6ep13,CoffeeMeetsBagel,Software/Tech,Female,http://www.coffeemeetsbagel.com,YES
2015-01-13,6,s6ep14,Evrewares,Fashion/Beauty,Female,https://www.evrewares.com,YES
2015-01-13,6,s6ep14,BottleBright,Lifestyle/Home,Male,No website,YES
2015-01-13,6,s6ep14,Scratch&GrainBakingCo,Food and Beverage,Female,http://www.scratchandgrain.com,YES
2015-01-13,6,s6ep14,Vestpakz,Children/Education,Male,http://www.vestpakz.com,YES
2015-01-16,6,s6ep15,TurboPUP,Pet Products,Female,http://www.turbopup.com,NO
2015-01-16,6,s6ep15,Lumio,Lifestyle/Home,Male,No website,NO
2015-01-16,6,s6ep15,BelloVerde,Fashion/Beauty,Male,http://www.belloverde.com,NO
2015-01-16,6,s6ep15,Napwell,Lifestyle/Home,Male,http://napwell.com,YES
2015-01-30,6,s6ep16,GreenBox,Food and Beverage,Mixed Team,http://greenboxny.com,YES
2015-01-30,6,s6ep16,Phonesoap,Software/Tech,Male,https://www.phonesoap.com,YES
2015-01-30,6,s6ep16,Victoria'sKitchen,Food and Beverage,Mixed Team,http://www.drinkvictoriaskitchen.com,YES
2015-01-30,6,s6ep16,TycoonRealEstate,Software/Tech,Male,https://www.tycooninvestors.com,NO
2015-02-03,6,s6ep17,FreshPatch,Pet Products,Male,https://www.freshpatch.com,NO
2015-02-03,6,s6ep17,DrainStrain,Lifestyle/Home,Male,http://www.drainstrain.com,NO
2015-02-03,6,s6ep17,BalmChickyBalmBalm,Fashion/Beauty,Female,https://balmchicky.com,YES
2015-02-03,6,s6ep17,BedJet,Lifestyle/Home,Male,http://bedjet.com,NO
2015-02-06,6,s6ep18,BeverageBoy,Food and Beverage,Male,http://beverageboy.com,NO
2015-02-06,6,s6ep18,FunBites,Children/Education,Female,http://funbites.com,NO
2015-02-06,6,s6ep18,TheLipBar,Fashion/Beauty,Female,https://www.thelipbar.com,YES
2015-02-06,6,s6ep18,HimalayanDogChew,Pet Products,Male,http://www.himalayandogchew.com,YES
2015-02-13,6,s6ep19,Boobypack,Fashion/Beauty,Female,http://boobypack.com,NO
2015-02-13,6,s6ep19,GoldRushNuggetBucket,Children/Education,Male,http://www.goldrushnuggetbucket.com,NO
2015-02-13,6,s6ep19,SsekoDesigns,Fashion/Beauty,Mixed Team,http://www.ssekodesigns.com,YES
2015-02-13,6,s6ep19,Lumi,Fashion/Beauty,Female,http://lumi.com,NO
2015-02-20,6,s6ep20,LuminAid,Travel,Female,http://luminaid.com,YES
2015-02-20,6,s6ep20,Scholly,Children/Education,Male,https://www.myscholly.com,NO
2015-02-20,6,s6ep20,KeenHome,Lifestyle/Home,Male,http://www.keenhome.io,YES
2015-02-20,6,s6ep20,TaalumaTotes,Fashion/Beauty,Mixed Team,http://www.carryacountry.com,YES
2015-03-06,6,s6ep21,CocoJack,Food and Beverage,Male,http://www.coco-jack.com,NO
2015-03-06,6,s6ep21,BedRyder,Automotive,Male,http://www.bedryder.com,NO
2015-03-06,6,s6ep21,FrillClothing,Fashion/Beauty,Female,http://frillclothing.com,YES
2015-03-06,6,s6ep21,TwinZPillow,Children/Education,Mixed Team,http://www.twinznursingpillow.com,YES
2015-03-13,6,s6ep22,EchoValleyMeats,Food and Beverage,Male,http://www.echovalleymeats.com,NO
2015-03-13,6,s6ep22,EmazingLights,Media/Entertainment,Male,http://www.emazinglights.com,NO
2015-03-13,6,s6ep22,AquaVault,Lifestyle/Home,Male,https://theaquavault.com,YES
2015-03-13,6,s6ep22,Naja,Fashion/Beauty,Female,http://www.naja.co,NO
2015-03-20,6,s6ep23,BeeSweetLemonade,Food and Beverage,Mixed Team,http://beesweetlemonade.com,YES
2015-03-20,6,s6ep23,BrandYourself,Software/Tech,Male,https://brandyourself.com,NO
2015-03-20,6,s6ep23,iCPooch,Pet Products,Mixed Team,http://www.icpooch.com,YES
2015-03-20,6,s6ep23,TheHomeT,Fashion/Beauty,Male,http://www.thehomet.com,NO
2015-04-10,6,s6ep24,Budsies,Children/Education,Male,http://www.budsies.com,NO
2015-04-10,6,s6ep24,BeeThinking,Lifestyle/Home,Male,http://www.beethinking.com,NO
2015-04-10,6,s6ep24,PullyPalz,Children/Education,Female,http://pullypalz.com,NO
2015-04-10,6,s6ep24,Forus,Fitness/Sports/Outdoors,Male,http://www.wearforus.com,YES
2015-04-17,6,s6ep25,NeatCheeks,Children/Education,Female,https://neatcheeks.com,YES
2015-04-17,6,s6ep25,MelniConnectors,Electronics,Male,http://www.melniconnectors.com,YES
2015-04-17,6,s6ep25,BeneathTheInk,Software/Tech,Mixed Team,https://www.beneaththeink.com,YES
2015-04-17,6,s6ep25,PittMoss,Green/CleanTech,Male,http://pittmoss.com,NO
2015-04-24,6,s6ep26,ZinePak,Media/Entertainment,Female,http://www.zinepak.com,YES
2015-04-24,6,s6ep26,SnagaStool,Software/Tech,Male,http://snagastool.com,YES
2015-04-24,6,s6ep26,BuckMason,Fashion/Beauty,Male,https://www.buckmason.com,YES
2015-04-24,6,s6ep26,Noene,Fashion/Beauty,Male,http://www.noeneusa.com,NO
2015-05-01,6,s6ep27,AirCar,Travel,Male,http://zeropollutionmotors.us,YES
2015-05-01,6,s6ep27,PaleoDietFoods,Food and Beverage,Female,http://thepaleodietbar.com,NO
2015-05-01,6,s6ep27,WorldRecordStriperCompany,Fitness/Sports/Outdoors,Male,http://www.worldrecordstripercompany.com,NO
2015-05-01,6,s6ep27,Frameri,Fashion/Beauty,Male,https://frameri.com,YES
2015-05-08,6,s6ep28,ZoomInteriors,Lifestyle/Home,Female,https://zoominteriors.com,NO
2015-05-08,6,s6ep28,SunscreenMist,Lifestyle/Home,Male,http://www.sunscreenmist.com,YES
2015-05-08,6,s6ep28,SynDaverLabs,Health/Wellness,Male,http://syndaver.com,NO
2015-05-08,6,s6ep28,YouKickAss,Children/Education,Female,http://www.youkickass.com,YES
2015-05-15,6,s6ep29,SharkWheel,Fitness/Sports/Outdoors,Male,http://www.sharkwheel.com,YES
2015-05-15,6,s6ep29,GatoCafe,Pet Products,Female,http://gatocafeflorida.com,NO
2015-05-15,6,s6ep29,SwayMotorsports,Green/CleanTech,Male,http://www.swaymotorsports.com,NO
2015-05-15,6,s6ep29,Spikeball,Fitness/Sports/Outdoors,Male,http://spikeball.com,NO
2015-09-25,7,s7ep1,TheBeebo,Children/Education,Male,No website,NA
2015-09-25,7,s7ep1,Acton,Fitness/Sports/Outdoors,Male,No website,NA
2015-09-25,7,s7ep1,McClaryBrothersDrinkingVinegars,Food and Beverage,Female,No website,NA
2015-09-25,7,s7ep1,SignalVault,Software/Tech,Male,No website,NA
2015-10-02,7,s7ep2,O'DangHummus,Food and Beverage,Male,No website,NA
2015-10-02,7,s7ep2,Splikity,Software/Tech,Male,No website,NA
2015-10-02,7,s7ep2,MikkiBey,Fashion/Beauty,Female,No website,NA
2015-10-02,7,s7ep2,Loliware,Food and Beverage,Female,No website,NA
2015-10-09,7,s7ep3,FootCardigan,Fashion/Beauty,Male,No website,NA
2015-10-09,7,s7ep3,ValPark,Software/Tech,Male,No website,NA
2015-10-09,7,s7ep3,TheTwoGuysBowtieCompany,Fashion/Beauty,Male,No website,NA
2015-10-09,7,s7ep3,Nerdwax,Fashion/Beauty,Mixed Team,No website,NA
2015-10-16,7,s7ep4,Table87,Food and Beverage,Male,No website,NA
2015-10-16,7,s7ep4,EZPeeZ,Children/Education,Male,www.ezpeez.com,NA
2015-10-16,7,s7ep4,Milk+Brookies,Food and Beverage,Mixed Team,No website,NA
2015-10-16,7,s7ep4,DudeWipes,Lifestyle/Home,Male,No website,NA
2015-10-23,7,s7ep5,ThreeJerksJerky,Food and Beverage,Male,No website,NA
2015-10-23,7,s7ep5,TheSkinnyMirror,Fashion/Beauty,Female,No website,NA
2015-10-23,7,s7ep5,SwitchWitch,Children/Education,Mixed Team,No website,NA
2015-10-23,7,s7ep5,XCraft,Software/Tech,Male,No website,NA
2015-10-30,7,s7ep6,RentLikeAChampion,Software/Tech,Male,No website,NA
2015-10-30,7,s7ep6,Hotshot,Food and Beverage,Male,No website,NA
2015-10-30,7,s7ep6,Windcatcher,Lifestyle/Home,Male,No website,NA
2015-10-30,7,s7ep6,StemCenterUSA,Children/Education,Female,No website,NA
2015-11-06,7,s7ep7,WinkFrozenDesserts,Food and Beverage,Mixed Team,No website,NA
2015-11-06,7,s7ep7,SavvyNaturals,Lifestyle/Home,Mixed Team,No website,YES
2015-11-06,7,s7ep7,CleanCube,Lifestyle/Home,Male,No website,NA
2015-11-06,7,s7ep7,SimplyFitBoard,Fitness/Sports/Outdoors,Female,No website,NA
2015-11-13,7,s7ep8,AFreshSheet,Lifestyle/Home,Male,No website,NA
2015-11-13,7,s7ep8,Unshrinkit,Lifestyle/Home,Mixed Team,No website,NA
2015-11-13,7,s7ep8,GripClean,Fitness/Sports/Outdoors,Male,No website,NA
2015-11-13,7,s7ep8,PolarPro,Software/Tech,Male,No website,NA
2015-11-20,7,s7ep9,AdvancedSportsTechnology,Fitness/Sports/Outdoors,Male,No website,NA
2015-11-20,7,s7ep9,BraziBites,Food and Beverage,Mixed Team,No website,NA
2015-11-20,7,s7ep9,Umano,Fashion/Beauty,Male,No website,NA
2015-11-20,7,s7ep9,SockTabs,Lifestyle/Home,Mixed Team,No website,NA
2015-12-04,7,s7ep10,LeauxRacingTrikes,Fitness/Sports/Outdoors,Male,No website,NA
2015-12-04,7,s7ep10,GlowRecipe,Fashion/Beauty,Female,No website,NA
2015-12-04,7,s7ep10,SarahOliverHandbags,Fashion/Beauty,Female,No website,NA
2015-12-04,7,s7ep10,Trunkster,Lifestyle/Home,Male,No website,NA
2015-12-11,7,s7ep11,GeekMyTree,Lifestyle/Home,Male,No website,NA
2015-12-11,7,s7ep11,BeardHead,Fashion/Beauty,Male,No website,NA
2015-12-11,7,s7ep11,Lovepop,Lifestyle/Home,Male,No website,NA
2015-12-11,7,s7ep11,PiperWai,Fashion/Beauty,Female,No website,NA
2016-01-05,7,s7ep12,AbsProteinPancakes,Food and Beverage,Mixed Team,No website,NA
2016-01-05,7,s7ep12,ExtremeSandbox,Children/Education,Male,No website,NA
2016-01-05,7,s7ep12,TotalTieKeep,Fashion/Beauty,Male,No website,NA
2016-01-05,7,s7ep12,FireAvert,Lifestyle/Home,Male,No website,NO
2016-01-08,7,s7ep13,Spretz,Lifestyle/Home,Male,No website,NA
2016-01-08,7,s7ep13,HungryHarvest,Food and Beverage,Male,No website,NA
2016-01-08,7,s7ep13,ControlledChaos,Fashion/Beauty,Female,No website,NA
2016-01-08,7,s7ep13,EZPZ,Food and Beverage,Female,No website,NA
2016-01-15,7,s7ep14,Fixed,Software/Tech,Male,No website,NA
2016-01-15,7,s7ep14,HatchBaby,Children/Education,Mixed Team,No website,NA
2016-01-15,7,s7ep14,VillageScholarships,Children/Education,Mixed Team,No website,NA
2016-01-15,7,s7ep14,BeardKing,Fashion/Beauty,Mixed Team,No website,NA
2016-01-29,7,s7ep15,Shefit,Fitness/Sports/Outdoors,Mixed Team,No website,NA
2016-01-29,7,s7ep15,Co.alition,Software/Tech,Male,No website,NA
2016-01-29,7,s7ep15,icybreeze,Travel,Male,No website,NA
2016-01-29,7,s7ep15,2400Expert,Children/Education,Male,No website,NA
2016-02-05,7,s7ep16,R.Riveter,Fashion/Beauty,Female,No website,NA
2016-02-05,7,s7ep16,Beartek,Media/Entertainment,Male,No website,NA
2016-02-05,7,s7ep16,MajorMom,Lifestyle/Home,Female,No website,NA
2016-02-05,7,s7ep16,CombatFlipFlops,Fashion/Beauty,Male,No website,NA
2016-02-12,7,s7ep17,SmartPlate,Health/Wellness,Male,No website,NA
2016-02-12,7,s7ep17,BeeFreeHonee,Food and Beverage,Female,No website,NA
2016-02-12,7,s7ep17,FloatBaby,Children/Education,Female,No website,NA
2016-02-12,7,s7ep17,MTAILOR,Fashion/Beauty,Male,No website,NA
2016-02-19,7,s7ep18,Sworkit,Fitness/Sports/Outdoors,Male,No website,YES
2016-02-19,7,s7ep18,CleanSleep,Lifestyle/Home,Male,No website,NA
2016-02-19,7,s7ep18,TUTUblue,Fashion/Beauty,Female,No website,NA
2016-02-19,7,s7ep18,Nohbo,Green/CleanTech,Male,No website,NA
2016-02-21,7,s7ep19,Insta-Fire,Lifestyle/Home,Male,No website,NA
2016-02-21,7,s7ep19,CustardStandFoodProducts,Food and Beverage,Mixed Team,No website,NA
2016-02-21,7,s7ep19,PRx,Fitness/Sports/Outdoors,Male,No website,NA
2016-02-21,7,s7ep19,RagsToRaches,Fashion/Beauty,Female,No website,NA
2016-02-26,7,s7ep20,BetterBack,Health/Wellness,Female,No website,NO
2016-02-26,7,s7ep20,GlaceCryotherapy,Health/Wellness,Mixed Team,No website,NA
2016-02-26,7,s7ep20,Linka,Fitness/Sports/Outdoors,Male,No website,NA
2016-02-26,7,s7ep20,Teaspresso,Food and Beverage,Female,No website,NA
2016-03-11,7,s7ep21,MobCraftBeer,Liquor/Alcohol,Male,No website,NA
2016-03-11,7,s7ep21,BelovedShirts,Fashion/Beauty,Male,No website,NA
2016-03-11,7,s7ep21,IlumiBowl,Lifestyle/Home,Male,No website,NA
2016-03-11,7,s7ep21,InnovationPet,Pet Products,Mixed Team,No website,NA
2016-03-18,7,s7ep22,BeerBlizzard,Liquor/Alcohol,Male,No website,NA
2016-03-18,7,s7ep22,Vengo,Food and Beverage,Male,No website,YES
2016-03-18,7,s7ep22,TheGoodPromise,Food and Beverage,Female,No website,NA
2016-03-18,7,s7ep22,Wondercide,Pet Products,Female,No website,NA
2016-04-08,7,s7ep23,PrideBites,Pet Products,Male,No website,NA
2016-04-08,7,s7ep23,Trobo,Children/Education,Male,No website,NA
2016-04-08,7,s7ep23,NoPhone,Uncertain/Other,Male,No website,NA
2016-04-08,7,s7ep23,Coolbox,Lifestyle/Home,Male,No website,YES
2016-04-15,7,s7ep24,Petnostics,Pet Products,Male,No website,NA
2016-04-15,7,s7ep24,Frends,Fashion/Beauty,Male,No website,NA
2016-04-15,7,s7ep24,popSLATE,Software/Tech,Male,No website,NA
2016-04-15,7,s7ep24,SlydeHandboards,Fitness/Sports/Outdoors,Mixed Team,No website,NA
2016-04-22,7,s7ep25,TheDripDrop,Food and Beverage,Male,No website,NA
2016-04-22,7,s7ep25,Jarrett&RajaProductions,Media/Entertainment,Male,No website,NA
2016-04-22,7,s7ep25,KidRunner,Fitness/Sports/Outdoors,Male,No website,NA
2016-04-22,7,s7ep25,InchBug,Children/Education,Female,No website,NA
2016-04-29,7,s7ep26,FashionTap,Fashion/Beauty,Female,No website,NA
2016-04-29,7,s7ep26,brellabox,Uncertain/Other,Mixed Team,No website,NA
2016-04-29,7,s7ep26,MyFruityFaces,Food and Beverage,Male,No website,NA
2016-04-29,7,s7ep26,Brightwheel,Children/Education,Male,No website,NA
2016-05-06,7,s7ep27,DollopGourmet,Food and Beverage,Female,No website,NA
2016-05-06,7,s7ep27,Creaproducts,Fashion/Beauty,Female,No website,NA
2016-05-06,7,s7ep27,YourselfExpression,Fashion/Beauty,Mixed Team,No website,NA
2016-05-06,7,s7ep27,TheSpooner,Fitness/Sports/Outdoors,Male,No website,NA
2016-05-13,7,s7ep28,CampNoCounselors,Fitness/Sports/Outdoors,Male,No website,NA
2016-05-13,7,s7ep28,EVPExtremeVehicleProtection,Automotive,Male,No website,NA
2016-05-13,7,s7ep28,GladiatorLacrosse,Fitness/Sports/Outdoors,Female,No website,NA
2016-05-13,7,s7ep28,VPCABS,Media/Entertainment,Male,No website,NA
2016-05-20,7,s7ep29,PeteAndPedro,Fashion/Beauty,Male,No website,NA
2016-05-20,7,s7ep29,PMSBites,Food and Beverage,Female,No website,NA
2016-05-20,7,s7ep29,Felt,Lifestyle/Home,Male,No website,NA
2016-05-20,7,s7ep29,Pavlok,Liquor/Alcohol,Male,No website,NA
2016-09-23,8,s8ep1,Fizzics,Liquor/Alcohol,Male,No website,NA
2016-09-23,8,s8ep1,SpoonfulofComfort,Food and Beverage,Mixed Team,No website,NA
2016-09-23,8,s8ep1,iSlide,Fashion/Beauty,Male,No website,NA
2016-09-23,8,s8ep1,Rethink,Software/Tech,Female,No website,NA
2016-09-30,8,s8ep2,TheLapelProject,Fashion/Beauty,Male,No website,NA
2016-09-30,8,s8ep2,GoodHangups,Lifestyle/Home,Female,No website,NA
2016-09-30,8,s8ep2,IceAgeMeals,Food and Beverage,Male,No website,NA
2016-09-30,8,s8ep2,TactiBite,Fitness/Sports/Outdoors,Male,No website,NA
2016-10-07,8,s8ep3,RaisingWild,Fashion/Beauty,Female,No website,NA
2016-10-07,8,s8ep3,TheCookieKahuna,Food and Beverage,Male,No website,NA
2016-10-07,8,s8ep3,TekDry,Software/Tech,Male,No website,YES
2016-10-07,8,s8ep3,NightRunner270,Fitness/Sports/Outdoors,Mixed Team,www.nighttechgear.com,YES
2016-10-14,8,s8ep4,Solemates,Fashion/Beauty,Female,No website,NA
2016-10-14,8,s8ep4,AtlanticCandyCompany,Food and Beverage,Male,No website,NA
2016-10-14,8,s8ep4,Biem,Food and Beverage,Male,No website,NA
2016-10-14,8,s8ep4,AngelsandTomboys,Fashion/Beauty,Female,No website,NA
2016-10-21,8,s8ep5,SandiLakeClothing,Children/Education,Female,No website,NA
2016-10-21,8,s8ep5,Parker'sMaple,Food and Beverage,Male,No website,NA
2016-10-21,8,s8ep5,SafeGrabs,Lifestyle/Home,Female,No website,NA
2016-10-21,8,s8ep5,SiliDogs,Pet Products,Male,No website,NA
2016-10-28,8,s8ep6,LuluBang,Food and Beverage,Female,No website,NA
2016-10-28,8,s8ep6,unPack,Travel,Male,No website,NA
2016-10-28,8,s8ep6,Sunscreeenr,Health/Wellness,Male,No website,NA
2016-10-28,8,s8ep6,PotatoParcel,Media/Entertainment,Male,No website,NA
2016-11-04,8,s8ep7,EcoFlower,Lifestyle/Home,Female,No website,NA
2016-11-04,8,s8ep7,StyleClub,Fashion/Beauty,Female,No website,NO
2016-11-04,8,s8ep7,SafeCatch,Food and Beverage,Male,No website,NA
2016-11-04,8,s8ep7,#besomebody,Software/Tech,Male,No website,NA
2016-11-11,8,s8ep8,MilkSnob,Children/Education,Female,No website,NA
2016-11-11,8,s8ep8,Jack'sStands&Marketplaces,Children/Education,Male,https://www.jacksstands.com/,NO
2016-11-11,8,s8ep8,Chi'lantro,Food and Beverage,Male,No website,NA
2016-11-11,8,s8ep8,Toor,Lifestyle/Home,Male,No website,NO
2016-11-18,8,s8ep9,PupBox,Pet Products,Mixed Team,No website,NA
2016-11-18,8,s8ep9,BarbellApparel,Fashion/Beauty,Male,No website,NA
2016-11-18,8,s8ep9,ENERGYbits,Food and Beverage,Female,No website,NA
2016-11-18,8,s8ep9,LineCutterz,Fitness/Sports/Outdoors,Male,No website,NA
2016-12-02,8,s8ep10,Inboard,Fitness/Sports/Outdoors,Male,No website,YES
2016-12-02,8,s8ep10,PetPlate,Pet Products,Male,No website,NA
2016-12-02,8,s8ep10,Nootrobox,Food and Beverage,Male,No website,NA
2016-12-02,8,s8ep10,Nomiku,Food and Beverage,Mixed Team,No website,NA
2016-12-09,8,s8ep11,SealedbySanta,Children/Education,Female,No website,NO
2016-12-09,8,s8ep11,PolyGlide,Fitness/Sports/Outdoors,Male,No website,NA
2016-12-09,8,s8ep11,Digiwrap,Lifestyle/Home,Male,No website,NA
2016-12-09,8,s8ep11,HandOutGloves,Fitness/Sports/Outdoors,Male,No website,NA
2017-01-06,8,s8ep12,PDXPetDesign,Pet Products,Mixed Team,No website,NA
2017-01-06,8,s8ep12,BasicOutfitters,Fashion/Beauty,Mixed Team,No website,NA
2017-01-06,8,s8ep12,VictoryCoffees,Food and Beverage,Male,No website,NA
2017-01-06,8,s8ep12,NaturallyPerfectDolls,Children/Education,Mixed Team,No website,NA
2017-01-13,8,s8ep13,GreaseBags,Lifestyle/Home,Female,No website,NA
2017-01-13,8,s8ep13,Pinblock,Children/Education,Male,No website,NA
2017-01-13,8,s8ep13,Mama'sMilkBox,Fashion/Beauty,Female,No website,NA
2017-01-13,8,s8ep13,NicePipes,Fashion/Beauty,Female,No website,NA
2017-01-27,8,s8ep14,Chirps,Food and Beverage,Female,No website,NA
2017-01-27,8,s8ep14,Vibes,Media/Entertainment,Male,No website,NA
2017-01-27,8,s8ep14,PopUpPlay,Children/Education,Mixed Team,No website,NA
2017-01-27,8,s8ep14,Getaway,Fitness/Sports/Outdoors,Male,No website,NA
2017-02-03,8,s8ep15,Kooler,Fitness/Sports/Outdoors,Male,No website,NA
2017-02-03,8,s8ep15,LittleNomad,Lifestyle/Home,Female,No website,NA
2017-02-03,8,s8ep15,RinseKit,Fitness/Sports/Outdoors,Male,No website,NA
2017-02-03,8,s8ep15,DBestProducts,Lifestyle/Home,Male,No website,NO
2017-02-10,8,s8ep16,Tranquilo,Children/Education,Female,No website,NA
2017-02-10,8,s8ep16,DocSpartan,Health/Wellness,Mixed Team,No website,NA
2017-02-10,8,s8ep16,PeacefulFruits,Food and Beverage,Male,No website,NA
2017-02-10,8,s8ep16,FireFighterTurnOutBags,Fashion/Beauty,Mixed Team,No website,YES
2017-02-17,8,s8ep17,Toymail,Children/Education,Female,No website,NA
2017-02-17,8,s8ep17,EDNWallGarden,Green/CleanTech,Male,No website,NA
2017-02-17,8,s8ep17,HotelsByDay,Travel,Male,No website,NA
2017-02-17,8,s8ep17,Bitsbox,Children/Education,Male,No website,NA
2017-02-24,8,s8ep18,SandCloud,Fitness/Sports/Outdoors,Male,No website,NA
2017-02-24,8,s8ep18,OraOrganics,Health/Wellness,Male,No website,NA
2017-02-24,8,s8ep18,DartDrones,Software/Tech,Female,No website,NA
2017-02-24,8,s8ep18,ElephantPants,Fashion/Beauty,Male,No website,NA
2017-03-03,8,s8ep19,TheSleepStyler,Fashion/Beauty,Female,No website,NA
2017-03-03,8,s8ep19,BlendtiqueWineCompany,Food and Beverage,Male,No website,NO
2017-03-03,8,s8ep19,MealEnders,Food and Beverage,Male,No website,NA
2017-03-03,8,s8ep19,Rareform,Fashion/Beauty,Male,No website,YES
2017-04-07,8,s8ep20,ApolloPeak,Pet Products,Male,No website,NA
2017-04-07,8,s8ep20,Seedsheet,Lifestyle/Home,Male,No website,NA
2017-04-07,8,s8ep20,CropSticks,Lifestyle/Home,Female,No website,NA
2017-04-07,8,s8ep20,UnderTheWeather,Fitness/Sports/Outdoors,Male,No website,NA
2017-04-14,8,s8ep21,GuardLlama,Software/Tech,Male,No website,NA
2017-04-14,8,s8ep21,Flag,Lifestyle/Home,Mixed Team,No website,NA
2017-04-14,8,s8ep21,Validated,Software/Tech,Male,No website,NA
2017-04-14,8,s8ep21,GuardianBikes,Fitness/Sports/Outdoors,Male,No website,NA
2017-04-21,8,s8ep22,Goverre,Lifestyle/Home,Female,No website,NA
2017-04-21,8,s8ep22,SeeRescueStreamer,Fitness/Sports/Outdoors,Male,No website,NA
2017-04-21,8,s8ep22,BootyQueenApparel,Fashion/Beauty,Mixed Team,No website,NA
2017-04-21,8,s8ep22,LoctoteIndustrialBag,Fashion/Beauty,Male,No website,NA
2017-05-05,8,s8ep23,ThompsonTee,Fashion/Beauty,Male,No website,NA
2017-05-05,8,s8ep23,WalletBuckle,Fashion/Beauty,Male,No website,NA
2017-05-05,8,s8ep23,RumiSpice,Food and Beverage,Mixed Team,No website,NA
2017-05-05,8,s8ep23,PeoplesDesign,Lifestyle/Home,Male,No website,NA
2017-05-12,8,s8ep24,Wine&Design,Media/Entertainment,Mixed Team,No website,YES
2017-05-12,8,s8ep24,RocketBook,Software/Tech,Male,No website,NA
2017-05-12,8,s8ep24,LaidBrand,Fashion/Beauty,Male,No website,NA
2017-05-12,8,s8ep24,BridalBuddy,Fashion/Beauty,Female,No website,NA
2017-10-01,9,s9ep1,LockerBoard,Fitness/Sports/Outdoors,Mixed Team,No website,NA
2017-10-01,9,s9ep1,WypAviation,Fitness/Sports/Outdoors,Male,No website,NA
2017-10-01,9,s9ep1,SierraMadreResearch,Fitness/Sports/Outdoors,Mixed Team,No website,NA
2017-10-01,9,s9ep1,SimpleHabit,Health/Wellness,Female,No website,NA
2017-10-01,9,s9ep2,Seventy2,Lifestyle/Home,Male,No website,NA
2017-10-01,9,s9ep2,Jackson'sHonest,Food and Beverage,Mixed Team,No website,NA
2017-10-01,9,s9ep2,QBall,Media/Entertainment,Male,No website,NA
2017-10-01,9,s9ep2,Trippie,Travel,Male,No website,NA
2017-10-08,9,s9ep3,Firdgetland,Lifestyle/Home,Male,No website,NA
2017-10-08,9,s9ep3,Enso,Fashion/Beauty,Male,No website,NA
2017-10-08,9,s9ep3,ThirdWaveWater,Food and Beverage,Male,No website,NA
2017-10-08,9,s9ep3,TanglePets,Children/Education,Female,No website,NA
2017-10-15,9,s9ep4,DelightedBy,Food and Beverage,Female,No website,NA
2017-10-15,9,s9ep4,Solemender,Health/Wellness,Male,No website,NA
2017-10-15,9,s9ep4,IceShaker,Fitness/Sports/Outdoors,Male,No website,NA
2017-10-15,9,s9ep4,Benjilock,Fitness/Sports/Outdoors,Male,No website,NA
2017-10-22,9,s9ep5,Ash&Anvil,Fashion/Beauty,Male,No website,NA
2017-10-22,9,s9ep5,Mirmir,Media/Entertainment,Male,No website,NA
2017-10-22,9,s9ep5,Kwik-hang,Lifestyle/Home,Male,No website,NA
2017-10-22,9,s9ep5,HumanBobber,Fitness/Sports/Outdoors,Male,No website,NA
2017-10-29,9,s9ep6,NovelEffect,Children/Education,Mixed Team,No website,NA
2017-10-29,9,s9ep6,FatherFigure,Children/Education,Male,No website,NA
2017-10-29,9,s9ep6,DrainWig,Lifestyle/Home,Mixed Team,No website,NA
2017-10-29,9,s9ep6,BrazynLife,Fitness/Sports/Outdoors,Male,No website,NA
2017-10-29,9,s9ep7,GeoOrbital,Fitness/Sports/Outdoors,Male,No website,NA
2017-10-29,9,s9ep7,Qeepsake,Children/Education,Male,No website,NA
2017-10-29,9,s9ep7,WaiveCar,Automotive,Male,No website,YES
2017-10-29,9,s9ep7,Pearachute,Children/Education,Female,No website,NA
2017-11-05,9,s9ep8,NoMo-Stach,Fashion/Beauty,Female,No website,NA
2017-11-05,9,s9ep8,SnoofyBee,Children/Education,Mixed Team,No website,NA
2017-11-05,9,s9ep8,DreamPad,Lifestyle/Home,Male,No website,NA
2017-11-05,9,s9ep8,SnarkyTea,Food and Beverage,Female,No website,NA
2017-11-05,9,s9ep9,BrilliantPad,Pet Products,Male,No website,NA
2017-11-05,9,s9ep9,Bravo,Software/Tech,Mixed Team,No website,NA
2017-11-05,9,s9ep9,HoopMaps,Fitness/Sports/Outdoors,Male,No website,NA
2017-11-05,9,s9ep9,GloveStix,Fitness/Sports/Outdoors,Female,No website,NA
2017-11-12,9,s9ep10,Grypmat,Automotive,Male,No website,NA
2017-11-12,9,s9ep10,DNASimple,Health/Wellness,Male,No website,NA
2017-11-12,9,s9ep10,Robin,Fitness/Sports/Outdoors,Male,No website,NA
2017-11-12,9,s9ep10,SmartGurlz,Software/Tech,Female,No website,NA
2017-11-12,9,s9ep11,ReelyHookedFishCo.,Food and Beverage,Male,No website,NA
2017-11-12,9,s9ep11,CutBuddy,Fashion/Beauty,Male,No website,NA
2017-11-12,9,s9ep11,Slumberkins,Children/Education,Female,No website,NA
2017-11-12,9,s9ep11,ProntoBev,Lifestyle/Home,Male,No website,NA
2017-11-26,9,s9ep12,Hater,Software/Tech,Male,No website,NA
2017-11-26,9,s9ep12,CocoTaps,Lifestyle/Home,Male,No website,NA
2017-11-26,9,s9ep12,EverlyWell,Health/Wellness,Female,No website,NO
2017-11-26,9,s9ep12,Mush,Food and Beverage,Female,No website,YES
2017-12-03,9,s9ep13,TheOriginalComfy,Fashion/Beauty,Male,No website,NA
2017-12-03,9,s9ep13,ChristmasTreeHugger,Lifestyle/Home,Male,No website,NA
2017-12-03,9,s9ep13,RokBlok,Media/Entertainment,Male,No website,NA
2017-12-03,9,s9ep13,ModernChristmasTrees,Lifestyle/Home,Male,No website,NA
2018-01-07,9,s9ep14,Frywall,Lifestyle/Home,Male,No website,NO
2018-01-07,9,s9ep14,EllipticalStroller,Fitness/Sports/Outdoors,Male,No website,NA
2018-01-07,9,s9ep14,Inirv,Lifestyle/Home,Mixed Team,No website,NA
2018-01-07,9,s9ep14,Birddogs,Fashion/Beauty,Male,No website,NA
2018-01-07,9,s9ep15,iFork,Lifestyle/Home,Male,No website,NA
2018-01-07,9,s9ep15,Stasher,Green/CleanTech,Female,No website,NO
2018-01-07,9,s9ep15,Recharj,Business Services,Male,No website,NA
2018-01-07,9,s9ep15,Detrapel,Lifestyle/Home,Male,No website,NA
2018-01-14,9,s9ep16,FishFry,Food and Beverage,Mixed Team,No website,NA
2018-01-14,9,s9ep16,GoatPetProducts,Pet Products,Female,No website,NA
2018-01-14,9,s9ep16,DudeRobe,Fashion/Beauty,Male,No website,NA
2018-01-14,9,s9ep16,TheLongHairs,Fashion/Beauty,Male,No website,NA
2018-01-14,9,s9ep17,Alice'sTable,Business Services,Female,No website,NA
2018-01-14,9,s9ep17,Zup,Fitness/Sports/Outdoors,Male,No website,NA
2018-01-14,9,s9ep17,BoobieBar,Food and Beverage,Female,No website,NA
2018-01-14,9,s9ep17,Pandaloon,Pet Products,Female,No website,NA
2018-01-21,9,s9ep18,RounderBum,Fashion/Beauty,Male,No website,NA
2018-01-21,9,s9ep18,BrushHero,Lifestyle/Home,Male,No website,NA
2018-01-21,9,s9ep18,Savy,Fashion/Beauty,Female,No website,NA
2018-01-21,9,s9ep18,GuzzleBuddy,Food and Beverage,Mixed Team,No website,NA
2018-01-21,9,s9ep19,ThePop,Children/Education,Female,No website,NA
2018-01-21,9,s9ep19,BouquetBar,Lifestyle/Home,Male,No website,NA
2018-01-21,9,s9ep19,TheWingman,Fitness/Sports/Outdoors,Male,No website,NA
2018-01-21,9,s9ep19,Zuvaa,Fashion/Beauty,Female,No website,NA
2018-01-28,9,s9ep20,TheDoughBar,Food and Beverage,Mixed Team,No website,NA
2018-01-28,9,s9ep20,ShowerPill,Health/Wellness,Male,No website,NA
2018-01-28,9,s9ep20,ChangEd,Children/Education,Male,No website,NA
2018-01-28,9,s9ep20,SnapClips,Fitness/Sports/Outdoors,Male,No website,NA
2018-01-28,9,s9ep21,Sap!,Food and Beverage,Male,No website,NA
2018-01-28,9,s9ep21,Radiate,Fitness/Sports/Outdoors,Male,No website,NA
2018-01-28,9,s9ep21,Petrol,Pet Products,Mixed Team,No website,NA
2018-01-28,9,s9ep21,EveryTable,Food and Beverage,Male,No website,NA
2018-02-11,9,s9ep22,GunnarOptiks,Lifestyle/Home,Male,No website,NO
2018-02-11,9,s9ep22,Avocaderia,Food and Beverage,Male,No website,NA
2018-02-11,9,s9ep22,Solsource,Lifestyle/Home,Female,No website,NA
2018-02-11,9,s9ep22,Sunniva,Food and Beverage,Male,No website,YES
2018-02-18,9,s9ep23,EggMazing,Lifestyle/Home,Male,No website,NA
2018-02-18,9,s9ep23,Hugo'sAmazingTape,Lifestyle/Home,Female,No website,NA
2018-02-18,9,s9ep23,Coolpeds,Fitness/Sports/Outdoors,Male,No website,NA
2018-02-18,9,s9ep23,CoinOut,Software/Tech,Male,No website,NA
2018-02-25,9,s9ep24,Bermie's,Fashion/Beauty,Male,No website,NA
2018-02-25,9,s9ep24,Dermovia,Fashion/Beauty,Female,www.dermovia.com,YES
2018-02-25,9,s9ep24,Palmini,Food and Beverage,Male,No website,NO
2018-02-25,9,s9ep24,Thrive+,Health/Wellness,Male,No website,NA
2018-10-07,10,s10ep1,FinalStraw,Lifestyle/Home,Mixed Team,No website,NA
2018-10-07,10,s10ep1,BearBowl,Lifestyle/Home,Mixed Team,No website,NA
2018-10-07,10,s10ep1,Le-Glue,Children/Education,Male,No website,NA
2018-10-07,10,s10ep1,Boxlock,Lifestyle/Home,Male,No website,NA
2018-10-14,10,s10ep2,sanaÃ­a,Food and Beverage,Female,tastesanaia.com,NO
2018-10-14,10,s10ep2,LugBug,Children/Education,Male,No website,NA
2018-10-14,10,s10ep2,Ta-TaTowels,Fashion/Beauty,Female,No website,NA
2018-10-14,10,s10ep2,ShedDefender,Pet Products,Male,No website,NA
2018-10-21,10,s10ep3,Soupergirl,Food and Beverage,Female,No website,NA
2018-10-21,10,s10ep3,Bundil,Software/Tech,Male,No website,NA
2018-10-21,10,s10ep3,BeyondSushi,Food and Beverage,Male,No website,NA
2018-10-21,10,s10ep3,CupBoardPro,Lifestyle/Home,Mixed Team,No website,NA
2018-10-28,10,s10ep4,Manscaped,Health/Wellness,Male,No website,NA
2018-10-28,10,s10ep4,BoomBoom,Health/Wellness,Mixed Team,No website,NA
2018-10-28,10,s10ep4,CaveShake,Food and Beverage,Female,No website,NA
2018-10-28,10,s10ep4,ButterCloth,Fashion/Beauty,Male,No website,NA
2018-11-18,10,s10ep5,HandbagRaincoat,Fashion/Beauty,Female,No website,NA
2018-11-18,10,s10ep5,RewardStock,Software/Tech,Male,No website,NA
2018-11-18,10,s10ep5,Wisp,Lifestyle/Home,Male,No website,NA
2018-11-18,10,s10ep5,TheKombuchaShop,Food and Beverage,Female,No website,NA
2018-11-25,10,s10ep6,Lockstraps,Lifestyle/Home,Male,No website,NA
2018-11-25,10,s10ep6,VadeNutrition,Food and Beverage,Mixed Team,No website,NA
2018-11-25,10,s10ep6,Nui,Food and Beverage,Male,No website,NA
2018-11-25,10,s10ep6,Bottlekeeper,Liquor/Alcohol,Male,No website,NA
2018-12-02,10,s10ep7,Prank-O,Uncertain/Other,Male,No website,NA
2018-12-02,10,s10ep7,Ski-Z,Fitness/Sports/Outdoors,Male,No website,NA
2018-12-02,10,s10ep7,OatMeals,Food and Beverage,Female,No website,NA
2018-12-02,10,s10ep7,HireSanta,Business Services,Male,No website,NA
2018-12-09,10,s10ep8,PopItPal,Uncertain/Other,Mixed Team,No website,NA
2018-12-09,10,s10ep8,Yumble,Food and Beverage,Mixed Team,No website,NA
2018-12-09,10,s10ep8,BollyX,Fitness/Sports/Outdoors,Male,No website,NA
2018-12-09,10,s10ep8,Mother/Poppi,Food and Beverage,Mixed Team,https://www.drinkpoppi.com/,YES
2019-01-06,10,s10ep9,MokiDoorstep,Automotive,Mixed Team,No website,NA
2019-01-06,10,s10ep9,SproingFitness,Fitness/Sports/Outdoors,Male,No website,NA
2019-01-06,10,s10ep9,Bruw,Food and Beverage,Male,No website,NA
2019-01-06,10,s10ep9,TushBaby,Children/Education,Female,No website,NA
2019-01-13,10,s10ep10,AdventureHunt,Fitness/Sports/Outdoors,Male,No website,NA
2019-01-13,10,s10ep10,Uniform,Fashion/Beauty,Male,No website,NA
2019-01-13,10,s10ep10,Pristine,Health/Wellness,Mixed Team,https://www.pristinesprays.com/,YES
2019-01-13,10,s10ep10,Aquapaw,Pet Products,Male,No website,NA
2019-01-20,10,s10ep11,SonnetJames,Fashion/Beauty,Female,No website,NA
2019-01-20,10,s10ep11,KittyKasas,Pet Products,Mixed Team,https://kittykasas.com/,YES
2019-01-20,10,s10ep11,MakeupJunkieBags,Fashion/Beauty,Female,No website,NO
2019-01-20,10,s10ep11,AngelShaveClub,Fashion/Beauty,Mixed Team,No website,NA
2019-01-27,10,s10ep12,ObviousWines,Food and Beverage,Male,No website,NA
2019-01-27,10,s10ep12,ZuGoPet,Pet Products,Female,No website,NA
2019-01-27,10,s10ep12,MontiKids,Children/Education,Female,No website,NA
2019-01-27,10,s10ep12,TwistItUpCombs,Fashion/Beauty,Male,No website,NA
2019-01-27,10,s10ep13,FreshBellies,Food and Beverage,Female,No website,NA
2019-01-27,10,s10ep13,SubSafe,Lifestyle/Home,Mixed Team,No website,NA
2019-01-27,10,s10ep13,Zorpads,Fashion/Beauty,Mixed Team,No website,NA
2019-01-27,10,s10ep13,LifeLiftSystems,Lifestyle/Home,Male,No website,NA
2019-03-03,10,s10ep14,CulrMix,Fashion/Beauty,Mixed Team,No website,NA
2019-03-03,10,s10ep14,Zookies,Pet Products,Male,No website,NA
2019-03-03,10,s10ep14,GOGA,Health/Wellness,Mixed Team,No website,NA
2019-03-03,10,s10ep14,ShowerToga,Lifestyle/Home,Female,No website,NA
2019-03-10,10,s10ep15,ToyBox,Software/Tech,Mixed Team,No website,NA
2019-03-10,10,s10ep15,Moink,Food and Beverage,Female,No website,NA
2019-03-10,10,s10ep15,Goalsetter,Software/Tech,Female,No website,NA
2019-03-10,10,s10ep15,JollyRoger,Software/Tech,Male,No website,NA
2019-03-17,10,s10ep16,UrbanFloat,Health/Wellness,Male,No website,NA
2019-03-17,10,s10ep16,KudoBanz,Children/Education,Mixed Team,No website,NA
2019-03-17,10,s10ep16,PoochSelfie,Pet Products,Male,No website,NA
2019-03-17,10,s10ep16,WildEarth,Pet Products,Male,No website,NA
2019-03-24,10,s10ep17,SilkRoll,Fashion/Beauty,Mixed Team,No website,NA
2019-03-24,10,s10ep17,PressWaffleCo.,Food and Beverage,Male,No website,NA
2019-03-24,10,s10ep17,PickUpPools,Automotive,Male,No website,NA
2019-03-24,10,s10ep17,Dare-U-Go,Children/Education,Female,No website,NA
2019-04-07,10,s10ep18,Nuchas,Food and Beverage,Male,No website,NA
2019-04-07,10,s10ep18,HavenLock,Lifestyle/Home,Male,No website,YES
2019-04-07,10,s10ep18,Kanga,Lifestyle/Home,Male,No website,YES
2019-04-07,10,s10ep18,CertifiKID,Children/Education,Mixed Team,No website,YES
2019-04-14,10,s10ep19,Pricetitution,Media/Entertainment,Male,No website,NA
2019-04-14,10,s10ep19,LumaSoda,Food and Beverage,Male,No website,NA
2019-04-14,10,s10ep19,Hydroviv,Lifestyle/Home,Male,No website,NA
2019-04-14,10,s10ep19,Flip-It,Lifestyle/Home,Male,No website,NA
2019-04-21,10,s10ep20,Maven'sCreamery,Food and Beverage,Female,No website,NA
2019-04-21,10,s10ep20,Sapre,Business Services,Male,No website,NA
2019-04-21,10,s10ep20,Swoveralls,Fashion/Beauty,Male,No website,NA
2019-04-21,10,s10ep20,Somnifix,Health/Wellness,Male,No website,NA
2019-04-28,10,s10ep21,TheBestPocketSqaureHolder,Fashion/Beauty,Male,https://www.bestwardrobesolutions.com/,NO
2019-04-28,10,s10ep21,Basepaws,Pet Products,Female,No website,NA
2019-04-28,10,s10ep21,TheBangShack,Food and Beverage,Male,No website,NA
2019-04-28,10,s10ep21,Kymera,Fitness/Sports/Outdoors,Male,No website,NA
2019-05-05,10,s10ep22,DeskView,Lifestyle/Home,Male,No website,NA
2019-05-05,10,s10ep22,Saucemoto,Automotive,Male,No website,NA
2019-05-05,10,s10ep22,DoughP,Food and Beverage,Female,No website,NA
2019-05-05,10,s10ep22,Cubicall,Lifestyle/Home,Male,No website,NA
2019-05-12,10,s10ep23,FatShack,Food and Beverage,Male,No website,NA
2019-05-12,10,s10ep23,Quickflip,Fashion/Beauty,Male,No website,NA
2019-05-12,10,s10ep23,BatBnB,Lifestyle/Home,Male,No website,NA
2019-05-12,10,s10ep23,CoyoteVest,Pet Products,Mixed Team,No website,NA
2019-09-29,11,s11ep1,Blueland,Lifestyle/Home,Mixed Team,No website,NA
2019-09-29,11,s11ep1,TaDah!,Food and Beverage,Male,No website,NO
2019-09-29,11,s11ep1,Minuscal,Health/Wellness,Male,No website,NA
2019-09-29,11,s11ep1,BabyToon,Children/Education,Female,No website,NA
2019-10-06,11,s11ep2,BoostOxygen,Health/Wellness,Male,No website,YES
2019-10-06,11,s11ep2,AtlasMonroe,Food and Beverage,Mixed Team,No website,NA
2019-10-06,11,s11ep2,CircadianOptics,Health/Wellness,Female,No website,NA
2019-10-06,11,s11ep2,FaceYogaWithKoko,Health/Wellness,Female,No website,NA
2019-10-13,11,s11ep3,Eterneva,Business Services,Mixed Team,No website,YES
2019-10-13,11,s11ep3,Aira,Software/Tech,Male,No website,NA
2019-10-13,11,s11ep3,Baobab,Fashion/Beauty,Male,No website,NA
2019-10-13,11,s11ep3,SquidSocks,Children/Education,Mixed Team,No website,NA
2019-10-20,11,s11ep4,Snacklins,Food and Beverage,Male,No website,NA
2019-10-20,11,s11ep4,BugBiteThing,Health/Wellness,Female,No website,NA
2019-10-20,11,s11ep4,PlopStar,Lifestyle/Home,Male,No website,NA
2019-10-20,11,s11ep4,KnifeAid,Business Services,Male,No website,YES
2019-10-27,11,s11ep5,Golfkicks,Fashion/Beauty,Male,No website,NA
2019-10-27,11,s11ep5,MyoStorm,Health/Wellness,Male,No website,NA
2019-10-27,11,s11ep5,TailgateNGo,Fitness/Sports/Outdoors,Mixed Team,No website,YES
2019-10-27,11,s11ep5,NerditNow,Business Services,Male,No website,NA
2019-11-03,11,s11ep6,EZCPak,Health/Wellness,Male,No website,NA
2019-11-03,11,s11ep6,PiliHunters,Food and Beverage,Male,No website,NA
2019-11-03,11,s11ep6,Supply,Lifestyle/Home,Male,No website,NA
2019-11-03,11,s11ep6,TheMeasuringShovel,Lifestyle/Home,Mixed Team,No website,NA
2019-11-10,11,s11ep7,TheYard,Food and Beverage,Mixed Team,No website,NA
2019-11-10,11,s11ep7,Baubles+Soles,Fashion/Beauty,Mixed Team,No website,NA
2019-11-10,11,s11ep7,PeanutButterPump,Lifestyle/Home,Male,No website,NA
2019-11-10,11,s11ep7,DogThreads,Pet Products,Mixed Team,No website,NA
2019-11-17,11,s11ep8,Gallant,Pet Products,Male,No website,NO
2019-11-17,11,s11ep8,Outer,Lifestyle/Home,Male,No website,YES
2019-11-17,11,s11ep8,Mrs.Goldfarb'sUnrealDeli,Food and Beverage,Female,No website,NA
2019-11-17,11,s11ep8,Terra-Core,Fitness/Sports/Outdoors,Mixed Team,No website,NA
2019-12-01,11,s11ep9,KitLender,Business Services,Male,No website,NA
2019-12-01,11,s11ep9,Beardaments,Business Services,Male,No website,NA
2019-12-01,11,s11ep9,EasyTreezy,Lifestyle/Home,Male,No website,NA
2019-12-01,11,s11ep9,LittleElf,Lifestyle/Home,Male,No website,NA
2020-01-05,11,s11ep10,Flexscreen,Lifestyle/Home,Male,No website,NO
2020-01-05,11,s11ep10,Fortress,Fashion/Beauty,Male,No website,NA
2020-01-05,11,s11ep10,SlumberPod,Children/Education,Female,No website,NA
2020-01-05,11,s11ep10,ZUUM,Fitness/Sports/Outdoors,Male,No website,NA
2020-01-12,11,s11ep11,KreyÃ²lEssence,Health/Wellness,Mixed Team,No website,NA
2020-01-12,11,s11ep11,LoveSync,Business Services,Mixed Team,No website,NA
2020-01-12,11,s11ep11,WisePocketProducts,Fashion/Beauty,Female,No website,NA
2020-01-12,11,s11ep11,WannaDate?,Food and Beverage,Female,No website,NA
2020-01-19,11,s11ep12,Ka-Pop!,Food and Beverage,Male,No website,NA
2020-01-19,11,s11ep12,GeniusJuice,Food and Beverage,Male,No website,NA
2020-01-19,11,s11ep12,"Ready,Set,Food!",Children/Education,Mixed Team,No website,NA
2020-01-19,11,s11ep12,RapidRope,Fitness/Sports/Outdoors,Mixed Team,No website,NA
2020-02-28,11,s11ep13,Fur,Fashion/Beauty,Female,No website,NA
2020-02-28,11,s11ep13,BalaBangles,Fitness/Sports/Outdoors,Mixed Team,No website,YES
2020-02-28,11,s11ep13,Pips&Bounce,Food and Beverage,Male,No website,NA
2020-02-28,11,s11ep13,ShakeItPup,Food and Beverage,Male,No website,NA
2020-03-06,11,s11ep14,BabyQuip,Business Services,Mixed Team,No website,NA
2020-03-06,11,s11ep14,BiteToothpasteBits,Health/Wellness,Mixed Team,No website,NA
2020-03-06,11,s11ep14,PairEyewear,Health/Wellness,Mixed Team,No website,YES
2020-03-06,11,s11ep14,CoconutGirl,Food and Beverage,Female,No website,NA
2020-03-13,11,s11ep15,Swimply,Business Services,Male,No website,NA
2020-03-13,11,s11ep15,KidsLuv,Food and Beverage,Female,No website,NA
2020-03-13,11,s11ep15,Bertello,Lifestyle/Home,Male,No website,NA
2020-03-13,11,s11ep15,SpaceTraveler,Children/Education,Female,No website,NA
2020-03-20,11,s11ep16,Bohana,Food and Beverage,Female,No website,NO
2020-03-20,11,s11ep16,Boho,Fitness/Sports/Outdoors,Male,No website,YES
2020-03-20,11,s11ep16,Grouphug,Lifestyle/Home,Female,No website,NA
2020-03-20,11,s11ep16,SafetyNailer,Lifestyle/Home,Male,No website,NO
2020-03-27,11,s11ep17,Goumi,Children/Education,Female,No website,YES
2020-03-27,11,s11ep17,PastabyHudson,Business Services,Male,No website,NA
2020-03-27,11,s11ep17,CritterPricker,Lifestyle/Home,Male,No website,NA
2020-03-27,11,s11ep17,TheFrozenFarmer,Food and Beverage,Female,No website,NA
2020-04-03,11,s11ep18,BadBirdie,Fashion/Beauty,Male,No website,NA
2020-04-03,11,s11ep18,Beddley,Lifestyle/Home,Female,No website,NA
2020-04-03,11,s11ep18,Muvez,Fashion/Beauty,Male,No website,NA
2020-04-03,11,s11ep18,PrepWellAcademy,Business Services,Male,No website,NA
2020-04-10,11,s11ep19,JustTheCheese,Food and Beverage,Male,No website,NA
2020-04-10,11,s11ep19,Neuro,Food and Beverage,Male,No website,NA
2020-04-10,11,s11ep19,FirstSaturdayLime,Lifestyle/Home,Mixed Team,No website,NA
2020-04-10,11,s11ep19,SeriouslySlime,Children/Education,Female,No website,NA
2020-05-01,11,s11ep20,LittleBurros,Lifestyle/Home,Mixed Team,No website,YES
2020-05-01,11,s11ep20,Jiggaerobics,Fitness/Sports/Outdoors,Male,No website,NO
2020-05-01,11,s11ep20,FriedGreenTomatoes,Food and Beverage,Female,No website,NO
2020-05-01,11,s11ep20,MuralPainter,Business Services,Female,No website,NO
2020-05-06,11,s11ep21,Proven,Health/Wellness,Female,No website,NA
2020-05-06,11,s11ep21,Tanoshi,Software/Tech,Mixed Team,No website,YES
2020-05-06,11,s11ep21,UnbuckleMe,Lifestyle/Home,Female,unbuckleme.com,YES
2020-05-06,11,s11ep21,VanRobotics,Software/Tech,Female,No website,NO
2020-05-08,11,s11ep22,LordVonSchmitt,Fashion/Beauty,Male,No website,NO
2020-05-08,11,s11ep22,PottySafe,Children/Education,Mixed Team,No website,YES
2020-05-08,11,s11ep22,ToughTie,Fashion/Beauty,Male,No website,YES
2020-05-08,11,s11ep22,DadWare,Fashion/Beauty,Male,mydadware.com,NO
2020-05-13,11,s11ep23,Salted,Business Services,Male,No website,NO
2020-05-13,11,s11ep23,MCSquares,Lifestyle/Home,Male,No website,NO
2020-05-13,11,s11ep23,Slate,Food and Beverage,Male,No website,YES
2020-05-13,11,s11ep23,RescueReady,Lifestyle/Home,Male,No website,YES
2020-05-15,11,s11ep24,YellowLeafHammocks,Fitness/Sports/Outdoors,Mixed Team,www.yellowleafhammocks.com,YES
2020-05-15,11,s11ep24,DreamlandBaby,Children/Education,Female,dreamlandbaby.co,NO
2020-05-15,11,s11ep24,RollinGreens,Food and Beverage,Mixed Team,No website,YES
2020-05-15,11,s11ep24,TheMadOptimist,Health/Wellness,Male,No website,YES
2020-10-16,12,s12ep1,TouchUpCup,Business Services,Male,No website,YES
2020-10-16,12,s12ep1,SparkCharge,Business Services,Mixed Team,No website,YES
2020-10-16,12,s12ep1,GarmaGuard,Lifestyle/Home,Mixed Team,No website,YES
2020-10-23,12,s12ep2,BootayBag,Lifestyle/Home,Female,https://bootaybag.com/,NO
2020-10-23,12,s12ep2,GoOats,Food and Beverage,Male,www.gooats.life,NO
2020-10-23,12,s12ep2,PoochPaper,Lifestyle/Home,Female,www.poochpaper.com,NO
2020-10-30,12,s12ep3,HugSleep,Lifestyle/Home,Mixed Team,hugsleep.com,YES
2020-10-30,12,s12ep3,TheCerealKillerzKitchen,Food and Beverage,Mixed Team,No website,YES
2020-10-30,12,s12ep3,Chirp,Fitness/Sports/Outdoors,Male,gochirp.com,NO
2020-11-06,12,s12ep4,JadaSpices,Food and Beverage,Male,www.jadabrands.com,YES
2020-11-06,12,s12ep4,TheMightyCarver,Lifestyle/Home,Mixed Team,mightycarver.com,YES
2020-11-06,12,s12ep4,Flipstik,Electronics,Male,www.getflipstik.com,NO
2020-11-13,12,s12ep5,Fitfighter,Fitness/Sports/Outdoors,Female,No website,NO
2020-11-13,12,s12ep5,LiftidNeurostimulation,Health/Wellness,Mixed Team,www.getliftid.com,YES
2020-11-13,12,s12ep5,FoamPartyHats,Fashion/Beauty,Mixed Team,foampartyhats.com,YES
2020-11-13,12,s12ep5,BeeD'Vine,Food and Beverage,Male,No website,NO
2020-11-20,12,s12ep6,Pan'sMushroomJerky,Food and Beverage,Male,No website,NO
2020-11-20,12,s12ep6,K9Mask,Pet Products,Male,www.k9mask.com,YES
2020-11-20,12,s12ep6,Moment,Food and Beverage,Mixed Team,drinkmoment.com,YES
2020-11-20,12,s12ep6,Prime6,Lifestyle/Home,Mixed Team,No website,YES
2020-12-04,12,s12ep7,TheHoliball,Fashion/Beauty,Female,No website,YES
2020-12-04,12,s12ep7,ToiletTimer,Lifestyle/Home,Mixed Team,katamco.com/collections/toilet-timer,YES
2020-12-04,12,s12ep7,ODRSkis,Fitness/Sports/Outdoors,Male,No website,NO
2020-12-04,12,s12ep7,BuckleMeBabyCoats,Lifestyle/Home,Female,www.bucklemecoats.com,NO
2020-12-11,12,s12ep8,Peekaboo,Food and Beverage,Female,No website,NO
2020-12-11,12,s12ep8,BrakeFree,Automotive,Male,www.brakefreetech.com,YES
2020-12-11,12,s12ep8,Click&Carry,Lifestyle/Home,Female,clickandcarry.com,NO
2020-12-11,12,s12ep8,CodibyPillarLearning,Children/Education,Male,www.pillarlearning.com,YES
2021-01-08,12,s12ep9,Electra,Food and Beverage,Female,No website,NO
2021-01-08,12,s12ep9,ALL33,Lifestyle/Home,Male,all33.com,NO
2021-01-08,12,s12ep9,HisandHerBar,Food and Beverage,Mixed Team,No website,YES
2021-01-08,12,s12ep9,TrophySmack,Fitness/Sports/Outdoors,Male,No website,YES
2021-01-15,12,s12ep10,SliceofSauce,Food and Beverage,Mixed Team,No website,YES
2021-01-15,12,s12ep10,LoveisProject,Fashion/Beauty,Female,No website,YES
2021-01-15,12,s12ep10,LunaMagic,Fashion/Beauty,Female,No website,YES
2021-01-15,12,s12ep10,BubblyBlaster,Lifestyle/Home,Male,bubblyblaster.com,YES
2021-01-22,12,s12ep11,Quevos,Food and Beverage,Male,No website,YES
2021-01-22,12,s12ep11,Brumachen,Food and Beverage,Male,No website,YES
2021-01-22,12,s12ep11,AuraBora,Food and Beverage,Mixed Team,No website,YES
2021-01-22,12,s12ep11,SwipeNSnap,Children/Education,Female,No website,NO
2021-02-05,12,s12ep12,YonoClip,Lifestyle/Home,Male,No website,YES
2021-02-05,12,s12ep12,NightCap,Food and Beverage,Mixed Team,nightcapit.com,YES
2021-02-05,12,s12ep12,RuleBreaker,Food and Beverage,Female,No website,NO
2021-02-05,12,s12ep12,MountainFlowEco-Wax,Health/Wellness,Male,No website,NO
2021-02-12,12,s12ep13,JaxSheets,Lifestyle/Home,Male,No website,NO
2021-02-12,12,s12ep13,ThePizzaCupcake,Food and Beverage,Mixed Team,No website,YES
2021-02-12,12,s12ep13,IceBeanie,Food and Beverage,Male,icebeanie.com,NO
2021-02-12,12,s12ep13,DraftTop,Food and Beverage,Male,No website,YES
2021-02-19,12,s12ep14,PashionFootwear,Fashion/Beauty,Female,No website,NO
2021-02-19,12,s12ep14,SouperCubes,Food and Beverage,Mixed Team,No website,YES
2021-02-19,12,s12ep14,ByootCompany,Fashion/Beauty,Mixed Team,No website,YES
2021-02-19,12,s12ep14,SiennaSauce,Food and Beverage,Female,No website,NO
2021-02-26,12,s12ep15,BetterBedder,Lifestyle/Home,Female,No website,YES
2021-02-26,12,s12ep15,EverythingLegendary,Food and Beverage,Mixed Team,No website,YES
2021-02-26,12,s12ep15,WalkeePaws,Pet Products,Female,No website,NO
2021-02-26,12,s12ep15,Hopscotch,Software/Tech,Female,No website,NO
2021-03-05,12,s12ep16,SimplyGoodJars,Food and Beverage,Male,No website,NO
2021-03-05,12,s12ep16,PinchMeTherapyDough,Health/Wellness,Female,No website,NO
2021-03-05,12,s12ep16,MuffWaders,Food and Beverage,Male,No website,YES
2021-03-05,12,s12ep16,BusyBabyMat,Children/Education,Female,No website,NO
2021-03-12,12,s12ep17,MisfitFoods,Food and Beverage,Male,No website,NO
2021-03-12,12,s12ep17,ChillSystems,Food and Beverage,Male,No website,YES
2021-03-12,12,s12ep17,TandemBoogie,Fitness/Sports/Outdoors,Mixed Team,No website,YES
2021-03-12,12,s12ep17,TotesBabies,Uncertain/Other,Mixed Team,No website,YES
2021-03-26,12,s12ep18,NuMilk,Food and Beverage,Male,No website,YES
2021-03-26,12,s12ep18,HairyGrabster,Fashion/Beauty,Mixed Team,No website,YES
2021-03-26,12,s12ep18,MadRabbit,Fashion/Beauty,Male,No website,YES
2021-03-26,12,s12ep18,BunchBikes,Automotive,Male,No website,NO
2021-04-02,12,s12ep19,StepNPull,Lifestyle/Home,Male,No website,NO
2021-04-02,12,s12ep19,DynoSafe,Uncertain/Other,Mixed Team,No website,YES
2021-04-02,12,s12ep19,ProbioticMaker,Food and Beverage,Male,No website,NO
2021-04-02,12,s12ep19,Phoozy,Electronics,Male,No website,YES
2021-04-09,12,s12ep20,OpulenceMDBeauty,Fashion/Beauty,Female,No website,NO
2021-04-09,12,s12ep20,TheCheeseChopper,Lifestyle/Home,Male,No website,NO
2021-04-09,12,s12ep20,TheMatte,Fashion/Beauty,Female,No website,NO
2021-04-16,12,s12ep21,TruffleShuffle,Food and Beverage,Male,No website,YES
2021-04-16,12,s12ep21,Suds2Go,Lifestyle/Home,Mixed Team,No website,YES
2021-04-16,12,s12ep21,SaladSling,Food and Beverage,Female,No website,NO
2021-04-16,12,s12ep21,Larq,Health/Wellness,Male,No website,NO
2021-04-23,12,s12ep22,JiggyPuzzles,Uncertain/Other,Female,No website,NO
2021-04-23,12,s12ep22,TheScrubbie,Lifestyle/Home,Male,No website,YES
2021-04-23,12,s12ep22,TheBumblingBee,Food and Beverage,Female,No website,YES
2021-04-23,12,s12ep22,XTorch,Lifestyle/Home,Mixed Team,No website,YES
2021-05-07,12,s12ep23,GrindBasketball,Business Services,Male,No website,NO
2021-05-07,12,s12ep23,CreationNation,Food and Beverage,Female,No website,NO
2021-05-07,12,s12ep23,SneakERASERS,Fashion/Beauty,Male,No website,YES
2021-05-07,12,s12ep23,BEERMKR,Liquor/Alcohol,Male,No website,YES
2021-05-14,12,s12ep24,Pluto,Lifestyle/Home,Mixed Team,No website,YES
2021-05-14,12,s12ep24,FlingGolf,Fitness/Sports/Outdoors,Male,No website,YES
2021-05-14,12,s12ep24,FloatNGrill,Food and Beverage,Male,No website,YES
2021-05-14,12,s12ep24,TheOriginalStretchlace,Lifestyle/Home,Mixed Team,No website,YES
2021-05-21,12,s12ep25,DinoDon,Uncertain/Other,Mixed Team,No website,YES
2021-05-21,12,s12ep25,CopperCowCoffee,Food and Beverage,Female,No website,NO
2021-05-21,12,s12ep25,LitHandlers,Lifestyle/Home,Female,No website,NO
2021-05-21,12,s12ep25,SuperPottyTrainer,Uncertain/Other,Mixed Team,No website,YES
2021-10-08,13,s13ep1,KinApparel,Fashion/Beauty,Female,www.kinapparel.org,NO
2021-10-08,13,s13ep1,UprisingBread,Food and Beverage,Mixed Team,www.uprisingfood.com,YES
2021-10-08,13,s13ep1,LionLatch,Lifestyle/Home,Female,lionlatch.com,NO
2021-10-08,13,s13ep1,Pashko,Fashion/Beauty,Male,paskho.com,NO
2021-10-15,13,s13ep2,Songlorious,Lifestyle/Home,Mixed Team,songlorious.com,YES
2021-10-15,13,s13ep2,MuteMe,Electronics,Male,No website,YES
2021-10-15,13,s13ep2,ProperGood,Food and Beverage,Mixed Team,No website,YES
2021-10-15,13,s13ep2,LongWharf,Fashion/Beauty,Mixed Team,No website,YES
2021-10-22,13,s13ep3,OatHaus,Food and Beverage,Mixed Team,No website,YES
2021-10-22,13,s13ep3,FlaskyFlowers,Lifestyle/Home,Mixed Team,No website,YES
2021-10-22,13,s13ep3,IncredibleEats,Food and Beverage,Male,No website,NO
2021-10-29,13,s13ep4,Magic5,Lifestyle/Home,Male,themagic5.com,YES
2021-10-29,13,s13ep4,Tabby,Software/Tech,Mixed Team,tabbydates.com,YES
2021-10-29,13,s13ep4,SoaPen,Lifestyle/Home,Female,soapen.com,YES
2021-10-29,13,s13ep4,54Thrones,Fashion/Beauty,Female,54thrones.com,NO
2021-11-05,13,s13ep5,Wedfuly,Software/Tech,Female,No website,NO
2021-11-05,13,s13ep5,Wad-Free,Lifestyle/Home,Female,wadfree.com,NO
2021-11-05,13,s13ep5,Beulr,Software/Tech,Male,beulr.com,NO
2021-11-05,13,s13ep5,Spergo,Fashion/Beauty,Mixed Team,spergo.com,YES
2021-11-12,13,s13ep6,FishFixe,Food and Beverage,Female,fishfixe.com,YES
2021-11-12,13,s13ep6,HelloPrenup,Lifestyle/Home,Female,https://helloprenup.com/,YES
2021-11-12,13,s13ep6,Deux,Food and Beverage,Female,eatdeux.com,NO
2021-11-12,13,s13ep6,Hidrent,Lifestyle/Home,Male,hidrent.com,NO
2021-11-19,13,s13ep7,SheetsLaundryClub,Lifestyle/Home,Male,sheetslaundryclub.com,YES
2021-11-19,13,s13ep7,PinkPicasso,Lifestyle/Home,Female,pinkpicassokits.com,YES
2021-11-19,13,s13ep7,Love&Pebble,Fashion/Beauty,Mixed Team,No website,YES
2021-11-19,13,s13ep7,ZachZoeSweetBeeFarm,Food and Beverage,Mixed Team,No website,YES
2021-12-10,13,s13ep8,Wendy'sGnomeShop,Lifestyle/Home,Female,No website,NO
2021-12-10,13,s13ep8,OrnamentAnchor,Fashion/Beauty,Mixed Team,No website,YES
2021-12-10,13,s13ep8,Santa'sEnchantedMailbox,Lifestyle/Home,Mixed Team,No website,YES
2021-12-17,13,s13ep9,MaxproFitness,Health/Wellness,Male,No website,NO
2021-12-17,13,s13ep9,BananaLoca,Food and Beverage,Mixed Team,bananaloca.com,YES
2021-12-17,13,s13ep9,LiberateStudio,Health/Wellness,Female,No website,NO
2021-12-17,13,s13ep9,Tenikle,Lifestyle/Home,Male,No website,NO
2022-01-07,13,s13ep10,Snactiv,Lifestyle/Home,Male,snactiv.com,YES
2022-01-07,13,s13ep10,SmartTireCompany,Automotive,Male,https://www.smarttirecompany.com/,YES
2022-01-07,13,s13ep10,Candi,Software/Tech,Mixed Team,meetcandi.com,YES
2022-01-07,13,s13ep10,BlackSandsEntertainment,Media/Entertainment,Mixed Team,blacksands.com,YES
2022-01-14,13,s13ep11,VaBroom,Lifestyle/Home,Male,No website,YES
2022-01-14,13,s13ep11,MustLove,Food and Beverage,Female,No website,YES
2022-01-14,13,s13ep11,Romperjack,Fashion/Beauty,Male,No website,YES
2022-01-14,13,s13ep11,RoqInnovation,Lifestyle/Home,Female,No website,NO
2022-01-21,13,s13ep12,TaniaSpeaks,Fashion/Beauty,Female,No website,NO
2022-01-21,13,s13ep12,TA3Swimwear,Lifestyle/Home,Female,No website,NO
2022-01-21,13,s13ep12,HiccAway,Health/Wellness,Mixed Team,No website,YES
2022-01-21,13,s13ep12,TristenIkaika,Lifestyle/Home,Male,No website,NO
2022-01-28,13,s13ep13,KettleGryp,Lifestyle/Home,Male,No website,YES
2022-01-28,13,s13ep13,CalmStrips,Health/Wellness,Mixed Team,No website,YES
2022-01-28,13,s13ep13,TheBlowzee,Health/Wellness,Male,No website,YES
2022-01-28,13,s13ep13,OverEZChickenCoop,Uncertain/Other,Male,No website,NO
2022-02-25,13,s13ep14,RangeBeauty,Fashion/Beauty,Female,No website,YES
2022-02-25,13,s13ep14,DiaperDust,Health/Wellness,Female,No website,NO
2022-02-25,13,s13ep14,PinoleBlue,Food and Beverage,Mixed Team,No website,YES
2022-02-25,13,s13ep14,Junobie,Food and Beverage,Female,No website,NO
2022-03-11,13,s13ep15,Curie,Fashion/Beauty,Female,No website,NO
2022-03-11,13,s13ep15,NogginBoss,Fitness/Sports/Outdoors,Male,No website,YES
2022-03-11,13,s13ep15,BehaveBras,Fashion/Beauty,Female,No website,NO
2022-03-11,13,s13ep15,Ade+Ayo,Fashion/Beauty,Mixed Team,No website,YES
2022-03-18,13,s13ep16,Sunflow,Business Services,Mixed Team,No website,YES
2022-03-18,13,s13ep16,Prepdeck,Lifestyle/Home,Male,No website,NO
2022-03-18,13,s13ep16,Ootbox,Business Services,Mixed Team,No website,YES
2022-03-18,13,s13ep16,DoAmore,Business Services,Male,No website,NO
2022-03-25,13,s13ep17,YoungKingHairCare,Fashion/Beauty,Mixed Team,No website,YES
2022-03-25,13,s13ep17,Pawnix,Pet Products,Female,No website,NO
2022-03-25,13,s13ep17,MagicDates,Food and Beverage,Female,No website,NO
2022-03-25,13,s13ep17,Round21,Fitness/Sports/Outdoors,Female,No website,NO
2022-04-01,13,s13ep18,ApollaPerformance,Lifestyle/Home,Female,No website,YES
2022-04-01,13,s13ep18,UMARO,Food and Beverage,Female,No website,YES
2022-04-01,13,s13ep18,FortMagic,Children/Education,Female,No website,NO
2022-04-01,13,s13ep18,NoLimbits,Fashion/Beauty,Female,No website,NO
2022-04-08,13,s13ep19,LUCIDArt,Uncertain/Other,Male,No website,NO
2022-04-08,13,s13ep19,SwiftPaws,Pet Products,Female,No website,NO
2022-04-08,13,s13ep19,BusyBox,Business Services,Male,busyboxsign.com,YES
2022-04-08,13,s13ep19,DirtyCookie,Food and Beverage,Female,No website,NO
2022-04-15,13,s13ep20,CatAmazing,Pet Products,Male,No website,NO
2022-04-15,13,s13ep20,LilAdvents,Children/Education,Mixed Team,No website,YES
2022-04-15,13,s13ep20,HairFin,Fashion/Beauty,Male,No website,NO
2022-04-15,13,s13ep20,Browndages,Children/Education,Mixed Team,No website,YES
2022-05-02,13,s13ep21,CupBop,Food and Beverage,Male,No website,YES
2022-05-02,13,s13ep21,Plunge,Health/Wellness,Male,No website,YES
2022-05-02,13,s13ep21,HandyPan,Food and Beverage,Male,No website,YES
2022-05-02,13,s13ep21,HamptonAdams,Fitness/Sports/Outdoors,Male,No website,NO
2022-05-02,13,s13ep22,PulpPantry,Food and Beverage,Female,No website,NO
2022-05-06,13,s13ep22,KawaiiLightning,Business Services,Mixed Team,No website,YES
2022-05-06,13,s13ep22,Pricklee,Food and Beverage,Male,No website,YES
2022-05-06,13,s13ep22,Ooakshell,Fashion/Beauty,Female,No website,NO
2022-05-13,13,s13ep23,Stryx,Fashion/Beauty,Male,No website,YES
2022-05-13,13,s13ep23,Driftline,Business Services,Male,No website,YES
2022-05-13,13,s13ep23,Springer,Pet Products,Mixed Team,No website,YES
2022-05-13,13,s13ep23,Chill-N-Reel,Liquor/Alcohol,Male,No website,YES
2022-05-20,13,s13ep24,TheTransformationFactory,Food and Beverage,Male,No website,NO
2022-05-20,13,s13ep24,ThePlayerâ€™sTrunk,Fitness/Sports/Outdoors,Male,No website,YES
2022-05-20,13,s13ep24,AquaBoxingGloves,Fitness/Sports/Outdoors,Male,No website,NO
2022-05-20,13,s13ep24,ProjectPollo,Food and Beverage,Male,No website,NO
2022-09-23,14,s14ep1,KENT,Lifestyle/Home,Mixed Team,No website,YES
2022-09-23,14,s14ep1,Oogiebear,Children/Education,Mixed Team,No website,YES
2022-09-23,14,s14ep1,PizzaPack,Food and Beverage,Male,No website,NO
2022-09-23,14,s14ep1,StaktMat,Lifestyle/Home,Female,shopstakt.com,YES
2022-09-30,14,s14ep2,BananaPhone,Electronics,Male,https://bananaphone.io/,YES
2022-09-30,14,s14ep2,StealthBros,Lifestyle/Home,Male,https://www.stealthbrosco.com/,NO
2022-09-30,14,s14ep2,TheWoobles,Lifestyle/Home,Mixed Team,https://thewoobles.com/,YES
2022-09-30,14,s14ep2,TurboTrusser,Food and Beverage,Male,https://turbotrusser.com/,YES
2022-10-07,14,s14ep3,CreateACastle,Children/Education,Mixed Team,No website,YES
2022-10-07,14,s14ep3,HalloweenMoments,Lifestyle/Home,Male,halloweenmoments.com,NO
2022-10-07,14,s14ep3,MamaO'sKimchi,Food and Beverage,Mixed Team,No website,YES
2022-10-14,14,s14ep4,Woosh,Lifestyle/Home,Male,wooshair.com,NO
2022-10-14,14,s14ep4,ExpeditionSubsahara,Lifestyle/Home,Female,No website,NO
2022-10-14,14,s14ep4,Ghia,Food and Beverage,Female,No website,NO
2022-10-14,14,s14ep4,StorageScholars,Children/Education,Male,No website,YES
2022-10-21,14,s14ep5,PrettyRugged,Fashion/Beauty,Female,No website,NO
2022-10-21,14,s14ep5,BigBeeLittleBee,Children/Education,Female,No website,YES
2022-10-21,14,s14ep5,Plufl,Lifestyle/Home,Male,No website,YES
2022-10-21,14,s14ep5,BridalBabes,Fashion/Beauty,Mixed Team,No website,YES
2022-11-11,14,s14ep6,NanaHats,Food and Beverage,Male,No website,NO
2022-11-11,14,s14ep6,TheSquareKeg,Food and Beverage,Male,No website,NO
2022-11-11,14,s14ep6,Collars&Co,Fashion/Beauty,Male,No website,NO
2022-11-11,14,s14ep6,Wondry,Food and Beverage,Mixed Team,No website,YES
2022-11-18,14,s14ep7,Frsh,Fashion/Beauty,Male,No website,YES
2022-11-18,14,s14ep7,Actionglow,Fitness/Sports/Outdoors,Male,No website,YES
2022-11-18,14,s14ep7,LegacyShave,Lifestyle/Home,Male,No website,NO
2022-11-18,14,s14ep7,Boarderie,Food and Beverage,Mixed Team,No website,YES
2022-12-02,14,s14ep8,HummViewer,Lifestyle/Home,Mixed Team,No website,YES
2022-12-02,14,s14ep8,FireFighter1,Uncertain/Other,Female,fightfirefirst.com,NO
2022-12-02,14,s14ep8,ShredSkinz,Lifestyle/Home,Male,No website,NO
2022-12-02,14,s14ep8,SliimeyHoney,Lifestyle/Home,Male,https://sliimeyhoney.com/,NO
2022-12-09,14,s14ep9,ChessUp,Software/Tech,Male,No website,YES
2022-12-09,14,s14ep9,ZipString,Children/Education,Male,No website,YES
2022-12-09,14,s14ep9,GarageCelebrations,Lifestyle/Home,Male,No website,YES
2022-12-09,14,s14ep9,ReadyFestive,Lifestyle/Home,Female,No website,YES
2023-01-06,14,s14ep10,LongTablePanCakes,Food and Beverage,Male,No website,NO
2023-01-06,14,s14ep10,JicaFoods,Food and Beverage,Mixed Team,No website,YES
2023-01-06,14,s14ep10,Kudos,Children/Education,Female,No website,NO
2023-01-06,14,s14ep10,Vochill,Lifestyle/Home,Mixed Team,No website,YES
2023-01-13,14,s14ep11,Kinfield,Lifestyle/Home,Female,No website,NO
2023-01-13,14,s14ep11,MetricMate,Health/Wellness,Male,No website,YES
2023-01-13,14,s14ep11,WildWonder,Food and Beverage,Female,No website,NO
2023-01-13,14,s14ep11,CabinetHealth,Health/Wellness,Male,No website,YES
2023-01-20,14,s14ep12,Nutr,Lifestyle/Home,Mixed Team,No website,YES
2023-01-20,14,s14ep12,Frescos,Food and Beverage,Male,No website,NO
2023-01-20,14,s14ep12,BrassRoots,Food and Beverage,Male,No website,NO
2023-01-20,14,s14ep12,Nopalera,Health/Wellness,Female,No website,NO
2023-01-27,14,s14ep13,FryAway,Lifestyle/Home,Female,No website,NO
2023-01-27,14,s14ep13,Anytongs,Lifestyle/Home,Male,No website,NO
2023-01-27,14,s14ep13,CopyKeyboard,Software/Tech,Male,No website,NO
2023-01-27,14,s14ep13,SlickBarrier,Lifestyle/Home,Male,No website,YES
2023-02-17,14,s14ep14,Kahawa1893,Food and Beverage,Female,No website,NO
2023-02-17,14,s14ep14,FunkkOFF,Health/Wellness,Female,No website,YES
2023-02-17,14,s14ep14,Retold,Fashion/Beauty,Mixed Team,No website,YES
2023-02-17,14,s14ep14,TheChubRubPatch,Health/Wellness,Female,No website,NO
2023-03-03,14,s14ep15,SurfBandPro,Fashion/Beauty,Male,No website,NO
2023-03-03,14,s14ep15,BigMouthToothbrush,Health/Wellness,Female,No website,NO
2023-03-03,14,s14ep15,YouthForia,Fashion/Beauty,Female,No website,NO
2023-03-03,14,s14ep15,EatYourFlowers,Lifestyle/Home,Female,No website,NO
2023-03-10,14,s14ep16,Woof,Pet Products,Male,No website,NO
2023-03-10,14,s14ep16,Sweetkiwi,Food and Beverage,Mixed Team,No website,YES
2023-03-10,14,s14ep16,Pluie,Children/Education,Female,No website,YES
2023-03-10,14,s14ep16,Flated,Automotive,Mixed Team,No website,YES
2023-03-17,14,s14ep17,CrispyCones,Food and Beverage,Mixed Team,No website,YES
2023-03-17,14,s14ep17,ChubbyButtons,Software/Tech,Male,No website,YES
2023-03-17,14,s14ep17,TngntSkiBikes,Automotive,Male,No website,YES
2023-03-17,14,s14ep17,Autio,Software/Tech,Male,No website,NO
2023-03-31,14,s14ep18,HappiFloss,Uncertain/Other,Female,happifloss.com,NO
2023-03-31,14,s14ep18,Lavabox,Lifestyle/Home,Male,No website,NO
2023-03-31,14,s14ep18,Bleni,Food and Beverage,Male,No website,YES
2023-03-31,14,s14ep18,TheIceCreamCanteen,Food and Beverage,Male,No website,NO
2023-04-07,14,s14ep19,PartingStone,Uncertain/Other,Male,No website,NO
2023-04-07,14,s14ep19,Milkify,Children/Education,Mixed Team,No website,YES
2023-04-07,14,s14ep19,Cincha,Lifestyle/Home,Mixed Team,No website,YES
2023-04-07,14,s14ep19,Burlap&Barrel,Food and Beverage,Male,No website,YES
2023-04-14,14,s14ep20,Honey Bunchies,Food and Beverage,Female,honeybunchies.com,NO
2023-04-14,14,s14ep20,Play Maysie,Children/Education,Female,playmaysie.com,NO
2023-04-14,14,s14ep20,Tia Lupita,Food and Beverage,Male,tialupitafoods.com,NO
2023-04-14,14,s14ep20,Dapper Boi,Fashion/Beauty,Female,dapperboi.com,YES
2023-05-05,14,s14ep21,NaturesWildBerry,Food and Beverage,Male,natureswildberry.com,YES
2023-05-05,14,s14ep21,YouGoNatural,Fashion/Beauty,Mixed Team,yougonatural.com,YES
2023-05-05,14,s14ep21,SeeTheWayISee,Fashion/Beauty,Female,seethewayisee.com,NO
2023-05-05,14,s14ep21,NoshiFood,Food and Beverage,Male,noshiforkids.com,NO
2023-05-19,14,s14ep22,Tucky,Fashion/Beauty,Female,shoptucky.com,NO
2023-05-19,14,s14ep22,InfluencersInTheWild,Lifestyle/Home,Male,influencersinthewild.com,NO
2023-05-19,14,s14ep22,Eyewris,Lifestyle/Home,Male,eyewris.com,YES
2023-05-19,14,s14ep22,TonesOfMelanin,Fashion/Beauty,Female,tonesofmelanin.com,NO
